"ZIP Code","HUD Area Code","HUD Fair Market Rent Area Name","SAFMR 0BR","SAFMR 0BR - 90% Payment Standard","SAFMR 0BR - 110% Payment Standard","SAFMR 1BR","SAFMR 1BR - 90% Payment Standard","SAFMR 1BR - 110% Payment Standard","SAFMR 2BR","SAFMR 2BR - 90% Payment Standard","SAFMR 2BR - 110% Payment Standard","SAFMR 3BR","SAFMR 3BR - 90% Payment Standard","SAFMR 3BR - 110% Payment Standard","SAFMR 4BR","SAFMR 4BR - 90% Payment Standard","SAFMR 4BR - 110% Payment Standard"
"08001","METRO37980M37980","Philadelphia-Camden-Wilmington, PA-NJ-DE-MD MSA","1180","1062","1298","1280","1152","1408","1550","1395","1705","1950","1755","2145","2120","1908","2332"
"08002","METRO37980M37980","Philadelphia-Camden-Wilmington, PA-NJ-DE-MD MSA","1760","1584","1936","1940","1746","2134","2310","2079","2541","2780","2502","3058","3160","2844","3476"
"08003","METRO37980M37980","Philadelphia-Camden-Wilmington, PA-NJ-DE-MD MSA","1980","1782","2178","2180","1962","2398","2600","2340","2860","3130","2817","3443","3560","3204","3916"
"08004","METRO37980M37980","Philadelphia-Camden-Wilmington, PA-NJ-DE-MD MSA","1540","1386","1694","1710","1539","1881","2060","1854","2266","2490","2241","2739","2870","2583","3157"
"08007","METRO37980M37980","Philadelphia-Camden-Wilmington, PA-NJ-DE-MD MSA","1140","1026","1254","1260","1134","1386","1500","1350","1650","1810","1629","1991","2050","1845","2255"
"08009","METRO37980M37980","Philadelphia-Camden-Wilmington, PA-NJ-DE-MD MSA","1470","1323","1617","1620","1458","1782","1930","1737","2123","2330","2097","2563","2640","2376","2904"
"08010","METRO37980M37980","Philadelphia-Camden-Wilmington, PA-NJ-DE-MD MSA","1450","1305","1595","1600","1440","1760","1910","1719","2101","2300","2070","2530","2620","2358","2882"
"08011","METRO37980M37980","Philadelphia-Camden-Wilmington, PA-NJ-DE-MD MSA","1590","1431","1749","1750","1575","1925","2090","1881","2299","2520","2268","2772","2860","2574","3146"
"08012","METRO37980M37980","Philadelphia-Camden-Wilmington, PA-NJ-DE-MD MSA","1430","1287","1573","1580","1422","1738","1880","1692","2068","2270","2043","2497","2580","2322","2838"
"08014","METRO37980M37980","Philadelphia-Camden-Wilmington, PA-NJ-DE-MD MSA","1630","1467","1793","1790","1611","1969","2140","1926","2354","2580","2322","2838","2940","2646","3234"
"08015","METRO37980M37980","Philadelphia-Camden-Wilmington, PA-NJ-DE-MD MSA","1360","1224","1496","1490","1341","1639","1780","1602","1958","2140","1926","2354","2440","2196","2684"
"08016","METRO37980M37980","Philadelphia-Camden-Wilmington, PA-NJ-DE-MD MSA","1280","1152","1408","1410","1269","1551","1680","1512","1848","2020","1818","2222","2300","2070","2530"
"08018","METRO37980M37980","Philadelphia-Camden-Wilmington, PA-NJ-DE-MD MSA","1320","1188","1452","1450","1305","1595","1730","1557","1903","2080","1872","2288","2370","2133","2607"
"08019","METRO37980M37980","Philadelphia-Camden-Wilmington, PA-NJ-DE-MD MSA","2060","1854","2266","2270","2043","2497","2700","2430","2970","3250","2925","3575","3700","3330","4070"
"08020","METRO37980M37980","Philadelphia-Camden-Wilmington, PA-NJ-DE-MD MSA","1550","1395","1705","1700","1530","1870","2030","1827","2233","2450","2205","2695","2780","2502","3058"
"08021","METRO37980M37980","Philadelphia-Camden-Wilmington, PA-NJ-DE-MD MSA","1380","1242","1518","1520","1368","1672","1810","1629","1991","2180","1962","2398","2480","2232","2728"
"08022","METRO37980M37980","Philadelphia-Camden-Wilmington, PA-NJ-DE-MD MSA","1410","1269","1551","1550","1395","1705","1850","1665","2035","2230","2007","2453","2530","2277","2783"
"08023","METRO37980M37980","Philadelphia-Camden-Wilmington, PA-NJ-DE-MD MSA","1520","1368","1672","1680","1512","1848","2000","1800","2200","2410","2169","2651","2740","2466","3014"
"08025","METRO37980M37980","Philadelphia-Camden-Wilmington, PA-NJ-DE-MD MSA","1480","1332","1628","1630","1467","1793","1940","1746","2134","2340","2106","2574","2660","2394","2926"
"08026","METRO37980M37980","Philadelphia-Camden-Wilmington, PA-NJ-DE-MD MSA","1990","1791","2189","2200","1980","2420","2620","2358","2882","3160","2844","3476","3590","3231","3949"
"08027","METRO37980M37980","Philadelphia-Camden-Wilmington, PA-NJ-DE-MD MSA","1380","1242","1518","1520","1368","1672","1810","1629","1991","2180","1962","2398","2480","2232","2728"
"08028","METRO37980M37980","Philadelphia-Camden-Wilmington, PA-NJ-DE-MD MSA","1600","1440","1760","1760","1584","1936","2100","1890","2310","2530","2277","2783","2880","2592","3168"
"08029","METRO37980M37980","Philadelphia-Camden-Wilmington, PA-NJ-DE-MD MSA","1260","1134","1386","1380","1242","1518","1650","1485","1815","1990","1791","2189","2260","2034","2486"
"08030","METRO37980M37980","Philadelphia-Camden-Wilmington, PA-NJ-DE-MD MSA","1450","1305","1595","1600","1440","1760","1910","1719","2101","2300","2070","2530","2620","2358","2882"
"08031","METRO37980M37980","Philadelphia-Camden-Wilmington, PA-NJ-DE-MD MSA","1130","1017","1243","1240","1116","1364","1480","1332","1628","1780","1602","1958","2030","1827","2233"
"08032","METRO37980M37980","Philadelphia-Camden-Wilmington, PA-NJ-DE-MD MSA","1490","1341","1639","1650","1485","1815","1960","1764","2156","2370","2133","2607","2690","2421","2959"
"08033","METRO37980M37980","Philadelphia-Camden-Wilmington, PA-NJ-DE-MD MSA","1340","1206","1474","1480","1332","1628","1760","1584","1936","2120","1908","2332","2410","2169","2651"
"08034","METRO37980M37980","Philadelphia-Camden-Wilmington, PA-NJ-DE-MD MSA","1640","1476","1804","1800","1620","1980","2150","1935","2365","2590","2331","2849","2940","2646","3234"
"08035","METRO37980M37980","Philadelphia-Camden-Wilmington, PA-NJ-DE-MD MSA","1320","1188","1452","1460","1314","1606","1740","1566","1914","2100","1890","2310","2380","2142","2618"
"08036","METRO37980M37980","Philadelphia-Camden-Wilmington, PA-NJ-DE-MD MSA","1160","1044","1276","1280","1152","1408","1530","1377","1683","1840","1656","2024","2100","1890","2310"
"08037","METRO37980M37980","Philadelphia-Camden-Wilmington, PA-NJ-DE-MD MSA","1250","1125","1375","1410","1269","1551","1710","1539","1881","2330","2097","2563","2590","2331","2849"
"08038","METRO37980M37980","Philadelphia-Camden-Wilmington, PA-NJ-DE-MD MSA","1440","1296","1584","1590","1431","1749","1890","1701","2079","2280","2052","2508","2590","2331","2849"
"08039","METRO37980M37980","Philadelphia-Camden-Wilmington, PA-NJ-DE-MD MSA","1550","1395","1705","1710","1539","1881","2040","1836","2244","2460","2214","2706","2790","2511","3069"
"08041","METRO37980M37980","Philadelphia-Camden-Wilmington, PA-NJ-DE-MD MSA","1410","1269","1551","1560","1404","1716","1860","1674","2046","2240","2016","2464","2540","2286","2794"
"08042","METRO37980M37980","Philadelphia-Camden-Wilmington, PA-NJ-DE-MD MSA","1720","1548","1892","1900","1710","2090","2260","2034","2486","2720","2448","2992","3090","2781","3399"
"08043","METRO37980M37980","Philadelphia-Camden-Wilmington, PA-NJ-DE-MD MSA","1700","1530","1870","1870","1683","2057","2230","2007","2453","2690","2421","2959","3050","2745","3355"
"08045","METRO37980M37980","Philadelphia-Camden-Wilmington, PA-NJ-DE-MD MSA","1130","1017","1243","1240","1116","1364","1480","1332","1628","1780","1602","1958","2030","1827","2233"
"08046","METRO37980M37980","Philadelphia-Camden-Wilmington, PA-NJ-DE-MD MSA","1870","1683","2057","2060","1854","2266","2460","2214","2706","2960","2664","3256","3370","3033","3707"
"08048","METRO37980M37980","Philadelphia-Camden-Wilmington, PA-NJ-DE-MD MSA","1630","1467","1793","1800","1620","1980","2140","1926","2354","2580","2322","2838","2930","2637","3223"
"08049","METRO37980M37980","Philadelphia-Camden-Wilmington, PA-NJ-DE-MD MSA","1200","1080","1320","1320","1188","1452","1570","1413","1727","1890","1701","2079","2150","1935","2365"
"08051","METRO37980M37980","Philadelphia-Camden-Wilmington, PA-NJ-DE-MD MSA","1640","1476","1804","1800","1620","1980","2150","1935","2365","2590","2331","2849","2940","2646","3234"
"08052","METRO37980M37980","Philadelphia-Camden-Wilmington, PA-NJ-DE-MD MSA","1520","1368","1672","1680","1512","1848","2000","1800","2200","2410","2169","2651","2740","2466","3014"
"08053","METRO37980M37980","Philadelphia-Camden-Wilmington, PA-NJ-DE-MD MSA","1870","1683","2057","2060","1854","2266","2460","2214","2706","2960","2664","3256","3370","3033","3707"
"08054","METRO37980M37980","Philadelphia-Camden-Wilmington, PA-NJ-DE-MD MSA","1670","1503","1837","1840","1656","2024","2190","1971","2409","2640","2376","2904","3000","2700","3300"
"08055","METRO37980M37980","Philadelphia-Camden-Wilmington, PA-NJ-DE-MD MSA","1560","1404","1716","1720","1548","1892","2050","1845","2255","2470","2223","2717","2810","2529","3091"
"08056","METRO37980M37980","Philadelphia-Camden-Wilmington, PA-NJ-DE-MD MSA","1490","1341","1639","1640","1476","1804","1960","1764","2156","2360","2124","2596","2680","2412","2948"
"08057","METRO37980M37980","Philadelphia-Camden-Wilmington, PA-NJ-DE-MD MSA","1520","1368","1672","1670","1503","1837","1990","1791","2189","2400","2160","2640","2730","2457","3003"
"08059","METRO37980M37980","Philadelphia-Camden-Wilmington, PA-NJ-DE-MD MSA","1390","1251","1529","1530","1377","1683","1820","1638","2002","2190","1971","2409","2490","2241","2739"
"08060","METRO37980M37980","Philadelphia-Camden-Wilmington, PA-NJ-DE-MD MSA","1480","1332","1628","1640","1476","1804","1950","1755","2145","2350","2115","2585","2670","2403","2937"
"08061","METRO37980M37980","Philadelphia-Camden-Wilmington, PA-NJ-DE-MD MSA","1770","1593","1947","1970","1773","2167","2350","2115","2585","2850","2565","3135","3280","2952","3608"
"08062","METRO37980M37980","Philadelphia-Camden-Wilmington, PA-NJ-DE-MD MSA","1310","1179","1441","1440","1296","1584","1720","1548","1892","2070","1863","2277","2360","2124","2596"
"08063","METRO37980M37980","Philadelphia-Camden-Wilmington, PA-NJ-DE-MD MSA","1340","1206","1474","1480","1332","1628","1760","1584","1936","2120","1908","2332","2410","2169","2651"
"08064","METRO37980M37980","Philadelphia-Camden-Wilmington, PA-NJ-DE-MD MSA","1270","1143","1397","1390","1251","1529","1660","1494","1826","2000","1800","2200","2280","2052","2508"
"08065","METRO37980M37980","Philadelphia-Camden-Wilmington, PA-NJ-DE-MD MSA","1640","1476","1804","1800","1620","1980","2150","1935","2365","2590","2331","2849","2940","2646","3234"
"08066","METRO37980M37980","Philadelphia-Camden-Wilmington, PA-NJ-DE-MD MSA","1120","1008","1232","1230","1107","1353","1470","1323","1617","1770","1593","1947","2010","1809","2211"
"08067","METRO37980M37980","Philadelphia-Camden-Wilmington, PA-NJ-DE-MD MSA","1630","1467","1793","1800","1620","1980","2140","1926","2354","2580","2322","2838","2930","2637","3223"
"08068","METRO37980M37980","Philadelphia-Camden-Wilmington, PA-NJ-DE-MD MSA","1180","1062","1298","1300","1170","1430","1550","1395","1705","1870","1683","2057","2120","1908","2332"
"08069","METRO37980M37980","Philadelphia-Camden-Wilmington, PA-NJ-DE-MD MSA","1260","1134","1386","1390","1251","1529","1660","1494","1826","2000","1800","2200","2270","2043","2497"
"08070","METRO37980M37980","Philadelphia-Camden-Wilmington, PA-NJ-DE-MD MSA","1230","1107","1353","1350","1215","1485","1610","1449","1771","1940","1746","2134","2210","1989","2431"
"08071","METRO37980M37980","Philadelphia-Camden-Wilmington, PA-NJ-DE-MD MSA","1430","1287","1573","1580","1422","1738","1880","1692","2068","2270","2043","2497","2580","2322","2838"
"08072","METRO37980M37980","Philadelphia-Camden-Wilmington, PA-NJ-DE-MD MSA","1130","1017","1243","1240","1116","1364","1480","1332","1628","1780","1602","1958","2030","1827","2233"
"08073","METRO37980M37980","Philadelphia-Camden-Wilmington, PA-NJ-DE-MD MSA","1590","1431","1749","1750","1575","1925","2090","1881","2299","2520","2268","2772","2860","2574","3146"
"08074","METRO37980M37980","Philadelphia-Camden-Wilmington, PA-NJ-DE-MD MSA","1310","1179","1441","1440","1296","1584","1720","1548","1892","2070","1863","2277","2360","2124","2596"
"08075","METRO37980M37980","Philadelphia-Camden-Wilmington, PA-NJ-DE-MD MSA","1450","1305","1595","1590","1431","1749","1900","1710","2090","2290","2061","2519","2600","2340","2860"
"08077","METRO37980M37980","Philadelphia-Camden-Wilmington, PA-NJ-DE-MD MSA","1870","1683","2057","2060","1854","2266","2450","2205","2695","2950","2655","3245","3360","3024","3696"
"08078","METRO37980M37980","Philadelphia-Camden-Wilmington, PA-NJ-DE-MD MSA","1230","1107","1353","1360","1224","1496","1620","1458","1782","1950","1755","2145","2220","1998","2442"
"08079","METRO37980M37980","Philadelphia-Camden-Wilmington, PA-NJ-DE-MD MSA","1130","1017","1243","1240","1116","1364","1480","1332","1628","1780","1602","1958","2030","1827","2233"
"08080","METRO37980M37980","Philadelphia-Camden-Wilmington, PA-NJ-DE-MD MSA","1680","1512","1848","1850","1665","2035","2210","1989","2431","2660","2394","2926","3030","2727","3333"
"08081","METRO37980M37980","Philadelphia-Camden-Wilmington, PA-NJ-DE-MD MSA","1540","1386","1694","1700","1530","1870","2020","1818","2222","2430","2187","2673","2770","2493","3047"
"08083","METRO37980M37980","Philadelphia-Camden-Wilmington, PA-NJ-DE-MD MSA","1230","1107","1353","1360","1224","1496","1620","1458","1782","1950","1755","2145","2220","1998","2442"
"08084","METRO37980M37980","Philadelphia-Camden-Wilmington, PA-NJ-DE-MD MSA","1130","1017","1243","1250","1125","1375","1490","1341","1639","1800","1620","1980","2040","1836","2244"
"08085","METRO37980M37980","Philadelphia-Camden-Wilmington, PA-NJ-DE-MD MSA","1840","1656","2024","2030","1827","2233","2420","2178","2662","2920","2628","3212","3310","2979","3641"
"08086","METRO37980M37980","Philadelphia-Camden-Wilmington, PA-NJ-DE-MD MSA","1680","1512","1848","1850","1665","2035","2210","1989","2431","2660","2394","2926","3030","2727","3333"
"08087","METRO37980M37980","Philadelphia-Camden-Wilmington, PA-NJ-DE-MD MSA","1470","1323","1617","1650","1485","1815","2040","1836","2244","2700","2430","2970","3010","2709","3311"
"08088","METRO37980M37980","Philadelphia-Camden-Wilmington, PA-NJ-DE-MD MSA","2060","1854","2266","2270","2043","2497","2700","2430","2970","3250","2925","3575","3700","3330","4070"
"08089","METRO37980M37980","Philadelphia-Camden-Wilmington, PA-NJ-DE-MD MSA","1400","1260","1540","1540","1386","1694","1840","1656","2024","2220","1998","2442","2520","2268","2772"
"08090","METRO37980M37980","Philadelphia-Camden-Wilmington, PA-NJ-DE-MD MSA","1540","1386","1694","1690","1521","1859","2020","1818","2222","2430","2187","2673","2760","2484","3036"
"08091","METRO37980M37980","Philadelphia-Camden-Wilmington, PA-NJ-DE-MD MSA","1320","1188","1452","1460","1314","1606","1740","1566","1914","2100","1890","2310","2380","2142","2618"
"08093","METRO37980M37980","Philadelphia-Camden-Wilmington, PA-NJ-DE-MD MSA","1260","1134","1386","1390","1251","1529","1660","1494","1826","2000","1800","2200","2270","2043","2497"
"08094","METRO37980M37980","Philadelphia-Camden-Wilmington, PA-NJ-DE-MD MSA","1370","1233","1507","1510","1359","1661","1810","1629","1991","2200","1980","2420","2490","2241","2739"
"08095","METRO37980M37980","Philadelphia-Camden-Wilmington, PA-NJ-DE-MD MSA","1320","1188","1452","1450","1305","1595","1730","1557","1903","2080","1872","2288","2370","2133","2607"
"08096","METRO37980M37980","Philadelphia-Camden-Wilmington, PA-NJ-DE-MD MSA","1460","1314","1606","1610","1449","1771","1920","1728","2112","2310","2079","2541","2630","2367","2893"
"08097","METRO37980M37980","Philadelphia-Camden-Wilmington, PA-NJ-DE-MD MSA","1240","1116","1364","1370","1233","1507","1630","1467","1793","1960","1764","2156","2230","2007","2453"
"08098","METRO37980M37980","Philadelphia-Camden-Wilmington, PA-NJ-DE-MD MSA","1210","1089","1331","1330","1197","1463","1590","1431","1749","1920","1728","2112","2180","1962","2398"
"08099","METRO37980M37980","Philadelphia-Camden-Wilmington, PA-NJ-DE-MD MSA","1320","1188","1452","1450","1305","1595","1730","1557","1903","2080","1872","2288","2370","2133","2607"
"08101","METRO37980M37980","Philadelphia-Camden-Wilmington, PA-NJ-DE-MD MSA","1320","1188","1452","1450","1305","1595","1730","1557","1903","2080","1872","2288","2370","2133","2607"
"08102","METRO37980M37980","Philadelphia-Camden-Wilmington, PA-NJ-DE-MD MSA","1280","1152","1408","1410","1269","1551","1680","1512","1848","2020","1818","2222","2300","2070","2530"
"08103","METRO37980M37980","Philadelphia-Camden-Wilmington, PA-NJ-DE-MD MSA","1190","1071","1309","1310","1179","1441","1560","1404","1716","1880","1692","2068","2140","1926","2354"
"08104","METRO37980M37980","Philadelphia-Camden-Wilmington, PA-NJ-DE-MD MSA","1080","972","1188","1190","1071","1309","1420","1278","1562","1710","1539","1881","1950","1755","2145"
"08105","METRO37980M37980","Philadelphia-Camden-Wilmington, PA-NJ-DE-MD MSA","1260","1134","1386","1390","1251","1529","1660","1494","1826","2000","1800","2200","2270","2043","2497"
"08106","METRO37980M37980","Philadelphia-Camden-Wilmington, PA-NJ-DE-MD MSA","1100","990","1210","1220","1098","1342","1450","1305","1595","1750","1575","1925","1990","1791","2189"
"08107","METRO37980M37980","Philadelphia-Camden-Wilmington, PA-NJ-DE-MD MSA","1260","1134","1386","1380","1242","1518","1650","1485","1815","1990","1791","2189","2260","2034","2486"
"08108","METRO37980M37980","Philadelphia-Camden-Wilmington, PA-NJ-DE-MD MSA","1530","1377","1683","1690","1521","1859","2010","1809","2211","2420","2178","2662","2750","2475","3025"
"08109","METRO37980M37980","Philadelphia-Camden-Wilmington, PA-NJ-DE-MD MSA","1230","1107","1353","1360","1224","1496","1620","1458","1782","1950","1755","2145","2220","1998","2442"
"08110","METRO37980M37980","Philadelphia-Camden-Wilmington, PA-NJ-DE-MD MSA","1230","1107","1353","1350","1215","1485","1610","1449","1771","1940","1746","2134","2210","1989","2431"
"08215","METRO37980M37980","Philadelphia-Camden-Wilmington, PA-NJ-DE-MD MSA","1380","1242","1518","1580","1422","1738","1910","1719","2101","2660","2394","2926","2940","2646","3234"
"08224","METRO37980M37980","Philadelphia-Camden-Wilmington, PA-NJ-DE-MD MSA","1450","1305","1595","1640","1476","1804","2020","1818","2222","2690","2421","2959","3000","2700","3300"
"08302","METRO37980M37980","Philadelphia-Camden-Wilmington, PA-NJ-DE-MD MSA","1210","1089","1331","1280","1152","1408","1590","1431","1749","2150","1935","2365","2180","1962","2398"
"08312","METRO37980M37980","Philadelphia-Camden-Wilmington, PA-NJ-DE-MD MSA","1210","1089","1331","1330","1197","1463","1590","1431","1749","1920","1728","2112","2180","1962","2398"
"08318","METRO37980M37980","Philadelphia-Camden-Wilmington, PA-NJ-DE-MD MSA","1310","1179","1441","1440","1296","1584","1720","1548","1892","2070","1863","2277","2350","2115","2585"
"08322","METRO37980M37980","Philadelphia-Camden-Wilmington, PA-NJ-DE-MD MSA","1520","1368","1672","1680","1512","1848","2000","1800","2200","2410","2169","2651","2740","2466","3014"
"08328","METRO37980M37980","Philadelphia-Camden-Wilmington, PA-NJ-DE-MD MSA","1510","1359","1661","1660","1494","1826","1990","1791","2189","2410","2169","2651","2720","2448","2992"
"08343","METRO37980M37980","Philadelphia-Camden-Wilmington, PA-NJ-DE-MD MSA","1900","1710","2090","2100","1890","2310","2500","2250","2750","3010","2709","3311","3420","3078","3762"
"08344","METRO37980M37980","Philadelphia-Camden-Wilmington, PA-NJ-DE-MD MSA","1500","1350","1650","1650","1485","1815","1980","1782","2178","2440","2196","2684","2710","2439","2981"
"08347","METRO37980M37980","Philadelphia-Camden-Wilmington, PA-NJ-DE-MD MSA","1230","1107","1353","1350","1215","1485","1610","1449","1771","1940","1746","2134","2210","1989","2431"
"08360","METRO37980M37980","Philadelphia-Camden-Wilmington, PA-NJ-DE-MD MSA","1170","1053","1287","1240","1116","1364","1550","1395","1705","2090","1881","2299","2140","1926","2354"
"08501","METRO37980M37980","Philadelphia-Camden-Wilmington, PA-NJ-DE-MD MSA","1310","1179","1441","1470","1323","1617","1810","1629","1991","2400","2160","2640","2670","2403","2937"
"08505","METRO37980M37980","Philadelphia-Camden-Wilmington, PA-NJ-DE-MD MSA","1470","1323","1617","1620","1458","1782","1930","1737","2123","2330","2097","2563","2640","2376","2904"
"08511","METRO37980M37980","Philadelphia-Camden-Wilmington, PA-NJ-DE-MD MSA","1070","963","1177","1170","1053","1287","1400","1260","1540","1690","1521","1859","1920","1728","2112"
"08515","METRO37980M37980","Philadelphia-Camden-Wilmington, PA-NJ-DE-MD MSA","2060","1854","2266","2270","2043","2497","2700","2430","2970","3250","2925","3575","3700","3330","4070"
"08518","METRO37980M37980","Philadelphia-Camden-Wilmington, PA-NJ-DE-MD MSA","1230","1107","1353","1360","1224","1496","1620","1458","1782","1950","1755","2145","2220","1998","2442"
"08533","METRO37980M37980","Philadelphia-Camden-Wilmington, PA-NJ-DE-MD MSA","1200","1080","1320","1350","1215","1485","1660","1494","1826","2210","1989","2431","2460","2214","2706"
"08554","METRO37980M37980","Philadelphia-Camden-Wilmington, PA-NJ-DE-MD MSA","1520","1368","1672","1670","1503","1837","1990","1791","2189","2400","2160","2640","2730","2457","3003"
"08562","METRO37980M37980","Philadelphia-Camden-Wilmington, PA-NJ-DE-MD MSA","1320","1188","1452","1460","1314","1606","1740","1566","1914","2100","1890","2310","2380","2142","2618"
"08610","METRO37980M37980","Philadelphia-Camden-Wilmington, PA-NJ-DE-MD MSA","1290","1161","1419","1480","1332","1628","1870","1683","2057","2250","2025","2475","2530","2277","2783"
"08620","METRO37980M37980","Philadelphia-Camden-Wilmington, PA-NJ-DE-MD MSA","1190","1071","1309","1360","1224","1496","1700","1530","1870","2050","1845","2255","2310","2079","2541"
"08640","METRO37980M37980","Philadelphia-Camden-Wilmington, PA-NJ-DE-MD MSA","2060","1854","2266","2270","2043","2497","2700","2430","2970","3250","2925","3575","3700","3330","4070"
"08641","METRO37980M37980","Philadelphia-Camden-Wilmington, PA-NJ-DE-MD MSA","1990","1791","2189","2200","1980","2420","2620","2358","2882","3160","2844","3476","3590","3231","3949"
"08759","METRO37980M37980","Philadelphia-Camden-Wilmington, PA-NJ-DE-MD MSA","1120","1008","1232","1260","1134","1386","1550","1395","1705","2060","1854","2266","2300","2070","2530"
"17527","METRO37980M37980","Philadelphia-Camden-Wilmington, PA-NJ-DE-MD MSA","990","891","1089","1110","999","1221","1390","1251","1529","1800","1620","1980","1840","1656","2024"
"17536","METRO37980M37980","Philadelphia-Camden-Wilmington, PA-NJ-DE-MD MSA","690","621","759","770","693","847","970","873","1067","1270","1143","1397","1290","1161","1419"
"17555","METRO37980M37980","Philadelphia-Camden-Wilmington, PA-NJ-DE-MD MSA","1010","909","1111","1130","1017","1243","1420","1278","1562","1850","1665","2035","1880","1692","2068"
"18036","METRO37980M37980","Philadelphia-Camden-Wilmington, PA-NJ-DE-MD MSA","930","837","1023","1080","972","1188","1330","1197","1463","1670","1503","1837","1780","1602","1958"
"18039","METRO37980M37980","Philadelphia-Camden-Wilmington, PA-NJ-DE-MD MSA","1450","1305","1595","1590","1431","1749","1900","1710","2090","2290","2061","2519","2600","2340","2860"
"18041","METRO37980M37980","Philadelphia-Camden-Wilmington, PA-NJ-DE-MD MSA","1130","1017","1243","1250","1125","1375","1490","1341","1639","1800","1620","1980","2040","1836","2244"
"18042","METRO37980M37980","Philadelphia-Camden-Wilmington, PA-NJ-DE-MD MSA","1020","918","1122","1200","1080","1320","1490","1341","1639","1900","1710","2090","1980","1782","2178"
"18054","METRO37980M37980","Philadelphia-Camden-Wilmington, PA-NJ-DE-MD MSA","1200","1080","1320","1320","1188","1452","1570","1413","1727","1890","1701","2079","2150","1935","2365"
"18055","METRO37980M37980","Philadelphia-Camden-Wilmington, PA-NJ-DE-MD MSA","1110","999","1221","1300","1170","1430","1610","1449","1771","2060","1854","2266","2140","1926","2354"
"18070","METRO37980M37980","Philadelphia-Camden-Wilmington, PA-NJ-DE-MD MSA","1110","999","1221","1260","1134","1386","1540","1386","1694","1890","1701","2079","2070","1863","2277"
"18073","METRO37980M37980","Philadelphia-Camden-Wilmington, PA-NJ-DE-MD MSA","1340","1206","1474","1480","1332","1628","1760","1584","1936","2120","1908","2332","2410","2169","2651"
"18074","METRO37980M37980","Philadelphia-Camden-Wilmington, PA-NJ-DE-MD MSA","1310","1179","1441","1450","1305","1595","1730","1557","1903","2090","1881","2299","2370","2133","2607"
"18076","METRO37980M37980","Philadelphia-Camden-Wilmington, PA-NJ-DE-MD MSA","1410","1269","1551","1550","1395","1705","1850","1665","2035","2230","2007","2453","2530","2277","2783"
"18077","METRO37980M37980","Philadelphia-Camden-Wilmington, PA-NJ-DE-MD MSA","1420","1278","1562","1560","1404","1716","1870","1683","2057","2260","2034","2486","2560","2304","2816"
"18081","METRO37980M37980","Philadelphia-Camden-Wilmington, PA-NJ-DE-MD MSA","1100","990","1210","1280","1152","1408","1580","1422","1738","2010","1809","2211","2100","1890","2310"
"18084","METRO37980M37980","Philadelphia-Camden-Wilmington, PA-NJ-DE-MD MSA","1520","1368","1672","1670","1503","1837","1990","1791","2189","2400","2160","2640","2730","2457","3003"
"18901","METRO37980M37980","Philadelphia-Camden-Wilmington, PA-NJ-DE-MD MSA","1680","1512","1848","1850","1665","2035","2200","1980","2420","2650","2385","2915","3010","2709","3311"
"18902","METRO37980M37980","Philadelphia-Camden-Wilmington, PA-NJ-DE-MD MSA","1930","1737","2123","2130","1917","2343","2540","2286","2794","3060","2754","3366","3480","3132","3828"
"18910","METRO37980M37980","Philadelphia-Camden-Wilmington, PA-NJ-DE-MD MSA","1450","1305","1595","1590","1431","1749","1900","1710","2090","2290","2061","2519","2600","2340","2860"
"18912","METRO37980M37980","Philadelphia-Camden-Wilmington, PA-NJ-DE-MD MSA","1910","1719","2101","2100","1890","2310","2510","2259","2761","3020","2718","3322","3430","3087","3773"
"18913","METRO37980M37980","Philadelphia-Camden-Wilmington, PA-NJ-DE-MD MSA","1870","1683","2057","2070","1863","2277","2460","2214","2706","2970","2673","3267","3370","3033","3707"
"18914","METRO37980M37980","Philadelphia-Camden-Wilmington, PA-NJ-DE-MD MSA","1880","1692","2068","2070","1863","2277","2470","2223","2717","2980","2682","3278","3380","3042","3718"
"18915","METRO37980M37980","Philadelphia-Camden-Wilmington, PA-NJ-DE-MD MSA","2060","1854","2266","2270","2043","2497","2700","2430","2970","3250","2925","3575","3700","3330","4070"
"18916","METRO37980M37980","Philadelphia-Camden-Wilmington, PA-NJ-DE-MD MSA","1450","1305","1595","1590","1431","1749","1900","1710","2090","2290","2061","2519","2600","2340","2860"
"18917","METRO37980M37980","Philadelphia-Camden-Wilmington, PA-NJ-DE-MD MSA","1290","1161","1419","1420","1278","1562","1690","1521","1859","2040","1836","2244","2310","2079","2541"
"18918","METRO37980M37980","Philadelphia-Camden-Wilmington, PA-NJ-DE-MD MSA","1520","1368","1672","1670","1503","1837","1990","1791","2189","2400","2160","2640","2730","2457","3003"
"18920","METRO37980M37980","Philadelphia-Camden-Wilmington, PA-NJ-DE-MD MSA","1520","1368","1672","1680","1512","1848","2000","1800","2200","2410","2169","2651","2740","2466","3014"
"18921","METRO37980M37980","Philadelphia-Camden-Wilmington, PA-NJ-DE-MD MSA","1440","1296","1584","1590","1431","1749","1890","1701","2079","2280","2052","2508","2590","2331","2849"
"18922","METRO37980M37980","Philadelphia-Camden-Wilmington, PA-NJ-DE-MD MSA","1450","1305","1595","1590","1431","1749","1900","1710","2090","2290","2061","2519","2600","2340","2860"
"18923","METRO37980M37980","Philadelphia-Camden-Wilmington, PA-NJ-DE-MD MSA","2060","1854","2266","2270","2043","2497","2700","2430","2970","3250","2925","3575","3700","3330","4070"
"18925","METRO37980M37980","Philadelphia-Camden-Wilmington, PA-NJ-DE-MD MSA","2060","1854","2266","2270","2043","2497","2700","2430","2970","3250","2925","3575","3700","3330","4070"
"18927","METRO37980M37980","Philadelphia-Camden-Wilmington, PA-NJ-DE-MD MSA","1580","1422","1738","1740","1566","1914","2070","1863","2277","2500","2250","2750","2830","2547","3113"
"18928","METRO37980M37980","Philadelphia-Camden-Wilmington, PA-NJ-DE-MD MSA","1450","1305","1595","1590","1431","1749","1900","1710","2090","2290","2061","2519","2600","2340","2860"
"18929","METRO37980M37980","Philadelphia-Camden-Wilmington, PA-NJ-DE-MD MSA","1770","1593","1947","1970","1773","2167","2350","2115","2585","2850","2565","3135","3280","2952","3608"
"18930","METRO37980M37980","Philadelphia-Camden-Wilmington, PA-NJ-DE-MD MSA","1380","1242","1518","1530","1377","1683","1830","1647","2013","2210","1989","2431","2550","2295","2805"
"18931","METRO37980M37980","Philadelphia-Camden-Wilmington, PA-NJ-DE-MD MSA","1450","1305","1595","1590","1431","1749","1900","1710","2090","2290","2061","2519","2600","2340","2860"
"18932","METRO37980M37980","Philadelphia-Camden-Wilmington, PA-NJ-DE-MD MSA","1670","1503","1837","1840","1656","2024","2200","1980","2420","2650","2385","2915","3000","2700","3300"
"18933","METRO37980M37980","Philadelphia-Camden-Wilmington, PA-NJ-DE-MD MSA","1730","1557","1903","1910","1719","2101","2300","2070","2530","2780","2502","3058","3130","2817","3443"
"18934","METRO37980M37980","Philadelphia-Camden-Wilmington, PA-NJ-DE-MD MSA","1450","1305","1595","1590","1431","1749","1900","1710","2090","2290","2061","2519","2600","2340","2860"
"18935","METRO37980M37980","Philadelphia-Camden-Wilmington, PA-NJ-DE-MD MSA","1360","1224","1496","1500","1350","1650","1790","1611","1969","2160","1944","2376","2450","2205","2695"
"18936","METRO37980M37980","Philadelphia-Camden-Wilmington, PA-NJ-DE-MD MSA","1590","1431","1749","1750","1575","1925","2080","1872","2288","2510","2259","2761","2850","2565","3135"
"18938","METRO37980M37980","Philadelphia-Camden-Wilmington, PA-NJ-DE-MD MSA","1810","1629","1991","2000","1800","2200","2380","2142","2618","2870","2583","3157","3260","2934","3586"
"18940","METRO37980M37980","Philadelphia-Camden-Wilmington, PA-NJ-DE-MD MSA","2020","1818","2222","2220","1998","2442","2650","2385","2915","3190","2871","3509","3630","3267","3993"
"18942","METRO37980M37980","Philadelphia-Camden-Wilmington, PA-NJ-DE-MD MSA","1160","1044","1276","1280","1152","1408","1520","1368","1672","1830","1647","2013","2080","1872","2288"
"18943","METRO37980M37980","Philadelphia-Camden-Wilmington, PA-NJ-DE-MD MSA","1450","1305","1595","1590","1431","1749","1900","1710","2090","2290","2061","2519","2600","2340","2860"
"18944","METRO37980M37980","Philadelphia-Camden-Wilmington, PA-NJ-DE-MD MSA","1390","1251","1529","1530","1377","1683","1820","1638","2002","2190","1971","2409","2490","2241","2739"
"18946","METRO37980M37980","Philadelphia-Camden-Wilmington, PA-NJ-DE-MD MSA","2000","1800","2200","2200","1980","2420","2630","2367","2893","3160","2844","3476","3600","3240","3960"
"18947","METRO37980M37980","Philadelphia-Camden-Wilmington, PA-NJ-DE-MD MSA","1670","1503","1837","1840","1656","2024","2190","1971","2409","2640","2376","2904","3000","2700","3300"
"18949","METRO37980M37980","Philadelphia-Camden-Wilmington, PA-NJ-DE-MD MSA","1450","1305","1595","1590","1431","1749","1900","1710","2090","2290","2061","2519","2600","2340","2860"
"18950","METRO37980M37980","Philadelphia-Camden-Wilmington, PA-NJ-DE-MD MSA","1580","1422","1738","1760","1584","1936","2140","1926","2354","2580","2322","2838","2890","2601","3179"
"18951","METRO37980M37980","Philadelphia-Camden-Wilmington, PA-NJ-DE-MD MSA","1360","1224","1496","1500","1350","1650","1790","1611","1969","2160","1944","2376","2450","2205","2695"
"18953","METRO37980M37980","Philadelphia-Camden-Wilmington, PA-NJ-DE-MD MSA","1450","1305","1595","1590","1431","1749","1900","1710","2090","2290","2061","2519","2600","2340","2860"
"18954","METRO37980M37980","Philadelphia-Camden-Wilmington, PA-NJ-DE-MD MSA","1760","1584","1936","1940","1746","2134","2310","2079","2541","2780","2502","3058","3160","2844","3476"
"18955","METRO37980M37980","Philadelphia-Camden-Wilmington, PA-NJ-DE-MD MSA","1360","1224","1496","1490","1341","1639","1780","1602","1958","2140","1926","2354","2440","2196","2684"
"18956","METRO37980M37980","Philadelphia-Camden-Wilmington, PA-NJ-DE-MD MSA","1450","1305","1595","1590","1431","1749","1900","1710","2090","2290","2061","2519","2600","2340","2860"
"18957","METRO37980M37980","Philadelphia-Camden-Wilmington, PA-NJ-DE-MD MSA","1520","1368","1672","1670","1503","1837","1990","1791","2189","2400","2160","2640","2730","2457","3003"
"18958","METRO37980M37980","Philadelphia-Camden-Wilmington, PA-NJ-DE-MD MSA","1520","1368","1672","1670","1503","1837","1990","1791","2189","2400","2160","2640","2730","2457","3003"
"18960","METRO37980M37980","Philadelphia-Camden-Wilmington, PA-NJ-DE-MD MSA","1490","1341","1639","1640","1476","1804","1960","1764","2156","2360","2124","2596","2680","2412","2948"
"18962","METRO37980M37980","Philadelphia-Camden-Wilmington, PA-NJ-DE-MD MSA","1420","1278","1562","1560","1404","1716","1860","1674","2046","2240","2016","2464","2550","2295","2805"
"18963","METRO37980M37980","Philadelphia-Camden-Wilmington, PA-NJ-DE-MD MSA","1450","1305","1595","1590","1431","1749","1900","1710","2090","2290","2061","2519","2600","2340","2860"
"18964","METRO37980M37980","Philadelphia-Camden-Wilmington, PA-NJ-DE-MD MSA","1260","1134","1386","1390","1251","1529","1660","1494","1826","2000","1800","2200","2270","2043","2497"
"18966","METRO37980M37980","Philadelphia-Camden-Wilmington, PA-NJ-DE-MD MSA","1600","1440","1760","1760","1584","1936","2100","1890","2310","2530","2277","2783","2880","2592","3168"
"18968","METRO37980M37980","Philadelphia-Camden-Wilmington, PA-NJ-DE-MD MSA","1450","1305","1595","1590","1431","1749","1900","1710","2090","2290","2061","2519","2600","2340","2860"
"18969","METRO37980M37980","Philadelphia-Camden-Wilmington, PA-NJ-DE-MD MSA","1300","1170","1430","1440","1296","1584","1710","1539","1881","2060","1854","2266","2340","2106","2574"
"18970","METRO37980M37980","Philadelphia-Camden-Wilmington, PA-NJ-DE-MD MSA","1100","990","1210","1220","1098","1342","1450","1305","1595","1750","1575","1925","1990","1791","2189"
"18971","METRO37980M37980","Philadelphia-Camden-Wilmington, PA-NJ-DE-MD MSA","1520","1368","1672","1670","1503","1837","1990","1791","2189","2400","2160","2640","2730","2457","3003"
"18972","METRO37980M37980","Philadelphia-Camden-Wilmington, PA-NJ-DE-MD MSA","1520","1368","1672","1680","1512","1848","2000","1800","2200","2410","2169","2651","2740","2466","3014"
"18974","METRO37980M37980","Philadelphia-Camden-Wilmington, PA-NJ-DE-MD MSA","1470","1323","1617","1620","1458","1782","1930","1737","2123","2330","2097","2563","2640","2376","2904"
"18976","METRO37980M37980","Philadelphia-Camden-Wilmington, PA-NJ-DE-MD MSA","1550","1395","1705","1710","1539","1881","2040","1836","2244","2460","2214","2706","2790","2511","3069"
"18977","METRO37980M37980","Philadelphia-Camden-Wilmington, PA-NJ-DE-MD MSA","1840","1656","2024","2050","1845","2255","2500","2250","2750","3010","2709","3311","3410","3069","3751"
"18979","METRO37980M37980","Philadelphia-Camden-Wilmington, PA-NJ-DE-MD MSA","1520","1368","1672","1670","1503","1837","1990","1791","2189","2400","2160","2640","2730","2457","3003"
"18980","METRO37980M37980","Philadelphia-Camden-Wilmington, PA-NJ-DE-MD MSA","2030","1827","2233","2230","2007","2453","2660","2394","2926","3210","2889","3531","3650","3285","4015"
"18981","METRO37980M37980","Philadelphia-Camden-Wilmington, PA-NJ-DE-MD MSA","1450","1305","1595","1590","1431","1749","1900","1710","2090","2290","2061","2519","2600","2340","2860"
"19001","METRO37980M37980","Philadelphia-Camden-Wilmington, PA-NJ-DE-MD MSA","1290","1161","1419","1430","1287","1573","1700","1530","1870","2050","1845","2255","2330","2097","2563"
"19002","METRO37980M37980","Philadelphia-Camden-Wilmington, PA-NJ-DE-MD MSA","1400","1260","1540","1540","1386","1694","1840","1656","2024","2220","1998","2442","2520","2268","2772"
"19003","METRO37980M37980","Philadelphia-Camden-Wilmington, PA-NJ-DE-MD MSA","1580","1422","1738","1750","1575","1925","2080","1872","2288","2510","2259","2761","2850","2565","3135"
"19004","METRO37980M37980","Philadelphia-Camden-Wilmington, PA-NJ-DE-MD MSA","1730","1557","1903","1910","1719","2101","2270","2043","2497","2730","2457","3003","3110","2799","3421"
"19006","METRO37980M37980","Philadelphia-Camden-Wilmington, PA-NJ-DE-MD MSA","1490","1341","1639","1640","1476","1804","1960","1764","2156","2360","2124","2596","2680","2412","2948"
"19007","METRO37980M37980","Philadelphia-Camden-Wilmington, PA-NJ-DE-MD MSA","1080","972","1188","1190","1071","1309","1420","1278","1562","1710","1539","1881","1950","1755","2145"
"19008","METRO37980M37980","Philadelphia-Camden-Wilmington, PA-NJ-DE-MD MSA","1550","1395","1705","1700","1530","1870","2030","1827","2233","2450","2205","2695","2780","2502","3058"
"19009","METRO37980M37980","Philadelphia-Camden-Wilmington, PA-NJ-DE-MD MSA","1420","1278","1562","1570","1413","1727","1870","1683","2057","2250","2025","2475","2560","2304","2816"
"19010","METRO37980M37980","Philadelphia-Camden-Wilmington, PA-NJ-DE-MD MSA","1880","1692","2068","2070","1863","2277","2470","2223","2717","2980","2682","3278","3380","3042","3718"
"19012","METRO37980M37980","Philadelphia-Camden-Wilmington, PA-NJ-DE-MD MSA","1170","1053","1287","1290","1161","1419","1540","1386","1694","1860","1674","2046","2110","1899","2321"
"19013","METRO37980M37980","Philadelphia-Camden-Wilmington, PA-NJ-DE-MD MSA","1040","936","1144","1150","1035","1265","1370","1233","1507","1650","1485","1815","1880","1692","2068"
"19014","METRO37980M37980","Philadelphia-Camden-Wilmington, PA-NJ-DE-MD MSA","1360","1224","1496","1500","1350","1650","1790","1611","1969","2160","1944","2376","2450","2205","2695"
"19015","METRO37980M37980","Philadelphia-Camden-Wilmington, PA-NJ-DE-MD MSA","1230","1107","1353","1350","1215","1485","1610","1449","1771","1940","1746","2134","2210","1989","2431"
"19016","METRO37980M37980","Philadelphia-Camden-Wilmington, PA-NJ-DE-MD MSA","1260","1134","1386","1390","1251","1529","1660","1494","1826","2000","1800","2200","2270","2043","2497"
"19017","METRO37980M37980","Philadelphia-Camden-Wilmington, PA-NJ-DE-MD MSA","1500","1350","1650","1650","1485","1815","1970","1773","2167","2380","2142","2618","2700","2430","2970"
"19018","METRO37980M37980","Philadelphia-Camden-Wilmington, PA-NJ-DE-MD MSA","1260","1134","1386","1380","1242","1518","1650","1485","1815","1990","1791","2189","2260","2034","2486"
"19020","METRO37980M37980","Philadelphia-Camden-Wilmington, PA-NJ-DE-MD MSA","1540","1386","1694","1700","1530","1870","2020","1818","2222","2430","2187","2673","2770","2493","3047"
"19021","METRO37980M37980","Philadelphia-Camden-Wilmington, PA-NJ-DE-MD MSA","1260","1134","1386","1390","1251","1529","1660","1494","1826","2000","1800","2200","2270","2043","2497"
"19022","METRO37980M37980","Philadelphia-Camden-Wilmington, PA-NJ-DE-MD MSA","1090","981","1199","1200","1080","1320","1430","1287","1573","1720","1548","1892","1960","1764","2156"
"19023","METRO37980M37980","Philadelphia-Camden-Wilmington, PA-NJ-DE-MD MSA","1250","1125","1375","1380","1242","1518","1640","1476","1804","1980","1782","2178","2250","2025","2475"
"19025","METRO37980M37980","Philadelphia-Camden-Wilmington, PA-NJ-DE-MD MSA","2060","1854","2266","2270","2043","2497","2700","2430","2970","3250","2925","3575","3700","3330","4070"
"19026","METRO37980M37980","Philadelphia-Camden-Wilmington, PA-NJ-DE-MD MSA","1250","1125","1375","1380","1242","1518","1640","1476","1804","1980","1782","2178","2250","2025","2475"
"19027","METRO37980M37980","Philadelphia-Camden-Wilmington, PA-NJ-DE-MD MSA","1340","1206","1474","1480","1332","1628","1760","1584","1936","2120","1908","2332","2410","2169","2651"
"19028","METRO37980M37980","Philadelphia-Camden-Wilmington, PA-NJ-DE-MD MSA","1260","1134","1386","1390","1251","1529","1660","1494","1826","2000","1800","2200","2270","2043","2497"
"19029","METRO37980M37980","Philadelphia-Camden-Wilmington, PA-NJ-DE-MD MSA","1330","1197","1463","1470","1323","1617","1750","1575","1925","2110","1899","2321","2400","2160","2640"
"19030","METRO37980M37980","Philadelphia-Camden-Wilmington, PA-NJ-DE-MD MSA","1250","1125","1375","1380","1242","1518","1640","1476","1804","1980","1782","2178","2250","2025","2475"
"19031","METRO37980M37980","Philadelphia-Camden-Wilmington, PA-NJ-DE-MD MSA","1580","1422","1738","1750","1575","1925","2080","1872","2288","2510","2259","2761","2850","2565","3135"
"19032","METRO37980M37980","Philadelphia-Camden-Wilmington, PA-NJ-DE-MD MSA","1420","1278","1562","1560","1404","1716","1860","1674","2046","2240","2016","2464","2550","2295","2805"
"19033","METRO37980M37980","Philadelphia-Camden-Wilmington, PA-NJ-DE-MD MSA","1420","1278","1562","1560","1404","1716","1860","1674","2046","2240","2016","2464","2550","2295","2805"
"19034","METRO37980M37980","Philadelphia-Camden-Wilmington, PA-NJ-DE-MD MSA","1310","1179","1441","1440","1296","1584","1720","1548","1892","2070","1863","2277","2360","2124","2596"
"19035","METRO37980M37980","Philadelphia-Camden-Wilmington, PA-NJ-DE-MD MSA","1550","1395","1705","1700","1530","1870","2030","1827","2233","2450","2205","2695","2780","2502","3058"
"19036","METRO37980M37980","Philadelphia-Camden-Wilmington, PA-NJ-DE-MD MSA","1230","1107","1353","1360","1224","1496","1620","1458","1782","1950","1755","2145","2220","1998","2442"
"19038","METRO37980M37980","Philadelphia-Camden-Wilmington, PA-NJ-DE-MD MSA","1350","1215","1485","1490","1341","1639","1770","1593","1947","2130","1917","2343","2420","2178","2662"
"19040","METRO37980M37980","Philadelphia-Camden-Wilmington, PA-NJ-DE-MD MSA","1550","1395","1705","1700","1530","1870","2030","1827","2233","2450","2205","2695","2780","2502","3058"
"19041","METRO37980M37980","Philadelphia-Camden-Wilmington, PA-NJ-DE-MD MSA","1850","1665","2035","2040","1836","2244","2430","2187","2673","2930","2637","3223","3330","2997","3663"
"19043","METRO37980M37980","Philadelphia-Camden-Wilmington, PA-NJ-DE-MD MSA","1090","981","1199","1200","1080","1320","1430","1287","1573","1720","1548","1892","1960","1764","2156"
"19044","METRO37980M37980","Philadelphia-Camden-Wilmington, PA-NJ-DE-MD MSA","1420","1278","1562","1570","1413","1727","1870","1683","2057","2250","2025","2475","2560","2304","2816"
"19046","METRO37980M37980","Philadelphia-Camden-Wilmington, PA-NJ-DE-MD MSA","1470","1323","1617","1620","1458","1782","1930","1737","2123","2330","2097","2563","2640","2376","2904"
"19047","METRO37980M37980","Philadelphia-Camden-Wilmington, PA-NJ-DE-MD MSA","1710","1539","1881","1890","1701","2079","2250","2025","2475","2710","2439","2981","3080","2772","3388"
"19050","METRO37980M37980","Philadelphia-Camden-Wilmington, PA-NJ-DE-MD MSA","1130","1017","1243","1250","1125","1375","1490","1341","1639","1800","1620","1980","2040","1836","2244"
"19052","METRO37980M37980","Philadelphia-Camden-Wilmington, PA-NJ-DE-MD MSA","1450","1305","1595","1590","1431","1749","1900","1710","2090","2290","2061","2519","2600","2340","2860"
"19053","METRO37980M37980","Philadelphia-Camden-Wilmington, PA-NJ-DE-MD MSA","1370","1233","1507","1510","1359","1661","1800","1620","1980","2170","1953","2387","2470","2223","2717"
"19054","METRO37980M37980","Philadelphia-Camden-Wilmington, PA-NJ-DE-MD MSA","1400","1260","1540","1540","1386","1694","1840","1656","2024","2220","1998","2442","2520","2268","2772"
"19055","METRO37980M37980","Philadelphia-Camden-Wilmington, PA-NJ-DE-MD MSA","1450","1305","1595","1600","1440","1760","1910","1719","2101","2300","2070","2530","2620","2358","2882"
"19056","METRO37980M37980","Philadelphia-Camden-Wilmington, PA-NJ-DE-MD MSA","1390","1251","1529","1530","1377","1683","1820","1638","2002","2190","1971","2409","2490","2241","2739"
"19057","METRO37980M37980","Philadelphia-Camden-Wilmington, PA-NJ-DE-MD MSA","1390","1251","1529","1530","1377","1683","1820","1638","2002","2190","1971","2409","2490","2241","2739"
"19058","METRO37980M37980","Philadelphia-Camden-Wilmington, PA-NJ-DE-MD MSA","1450","1305","1595","1590","1431","1749","1900","1710","2090","2290","2061","2519","2600","2340","2860"
"19060","METRO37980M37980","Philadelphia-Camden-Wilmington, PA-NJ-DE-MD MSA","1670","1503","1837","1840","1656","2024","2190","1971","2409","2630","2367","2893","3000","2700","3300"
"19061","METRO37980M37980","Philadelphia-Camden-Wilmington, PA-NJ-DE-MD MSA","1230","1107","1353","1350","1215","1485","1610","1449","1771","1940","1746","2134","2210","1989","2431"
"19063","METRO37980M37980","Philadelphia-Camden-Wilmington, PA-NJ-DE-MD MSA","1450","1305","1595","1590","1431","1749","1900","1710","2090","2290","2061","2519","2600","2340","2860"
"19064","METRO37980M37980","Philadelphia-Camden-Wilmington, PA-NJ-DE-MD MSA","1480","1332","1628","1640","1476","1804","1950","1755","2145","2350","2115","2585","2670","2403","2937"
"19066","METRO37980M37980","Philadelphia-Camden-Wilmington, PA-NJ-DE-MD MSA","2060","1854","2266","2270","2043","2497","2700","2430","2970","3250","2925","3575","3700","3330","4070"
"19067","METRO37980M37980","Philadelphia-Camden-Wilmington, PA-NJ-DE-MD MSA","1470","1323","1617","1620","1458","1782","1930","1737","2123","2330","2097","2563","2640","2376","2904"
"19070","METRO37980M37980","Philadelphia-Camden-Wilmington, PA-NJ-DE-MD MSA","1190","1071","1309","1310","1179","1441","1560","1404","1716","1880","1692","2068","2140","1926","2354"
"19072","METRO37980M37980","Philadelphia-Camden-Wilmington, PA-NJ-DE-MD MSA","1800","1620","1980","1980","1782","2178","2360","2124","2596","2840","2556","3124","3230","2907","3553"
"19073","METRO37980M37980","Philadelphia-Camden-Wilmington, PA-NJ-DE-MD MSA","1720","1548","1892","1900","1710","2090","2260","2034","2486","2720","2448","2992","3100","2790","3410"
"19074","METRO37980M37980","Philadelphia-Camden-Wilmington, PA-NJ-DE-MD MSA","1210","1089","1331","1330","1197","1463","1590","1431","1749","1920","1728","2112","2180","1962","2398"
"19075","METRO37980M37980","Philadelphia-Camden-Wilmington, PA-NJ-DE-MD MSA","1260","1134","1386","1390","1251","1529","1660","1494","1826","2000","1800","2200","2270","2043","2497"
"19076","METRO37980M37980","Philadelphia-Camden-Wilmington, PA-NJ-DE-MD MSA","1160","1044","1276","1280","1152","1408","1520","1368","1672","1830","1647","2013","2080","1872","2288"
"19078","METRO37980M37980","Philadelphia-Camden-Wilmington, PA-NJ-DE-MD MSA","1200","1080","1320","1330","1197","1463","1580","1422","1738","1900","1710","2090","2160","1944","2376"
"19079","METRO37980M37980","Philadelphia-Camden-Wilmington, PA-NJ-DE-MD MSA","1260","1134","1386","1390","1251","1529","1660","1494","1826","2000","1800","2200","2270","2043","2497"
"19081","METRO37980M37980","Philadelphia-Camden-Wilmington, PA-NJ-DE-MD MSA","1320","1188","1452","1450","1305","1595","1730","1557","1903","2080","1872","2288","2370","2133","2607"
"19082","METRO37980M37980","Philadelphia-Camden-Wilmington, PA-NJ-DE-MD MSA","1170","1053","1287","1290","1161","1419","1540","1386","1694","1860","1674","2046","2110","1899","2321"
"19083","METRO37980M37980","Philadelphia-Camden-Wilmington, PA-NJ-DE-MD MSA","1310","1179","1441","1440","1296","1584","1720","1548","1892","2070","1863","2277","2360","2124","2596"
"19085","METRO37980M37980","Philadelphia-Camden-Wilmington, PA-NJ-DE-MD MSA","1870","1683","2057","2070","1863","2277","2460","2214","2706","2970","2673","3267","3370","3033","3707"
"19086","METRO37980M37980","Philadelphia-Camden-Wilmington, PA-NJ-DE-MD MSA","1470","1323","1617","1620","1458","1782","1930","1737","2123","2330","2097","2563","2640","2376","2904"
"19087","METRO37980M37980","Philadelphia-Camden-Wilmington, PA-NJ-DE-MD MSA","1930","1737","2123","2130","1917","2343","2540","2286","2794","3060","2754","3366","3480","3132","3828"
"19090","METRO37980M37980","Philadelphia-Camden-Wilmington, PA-NJ-DE-MD MSA","1460","1314","1606","1610","1449","1771","1920","1728","2112","2310","2079","2541","2630","2367","2893"
"19094","METRO37980M37980","Philadelphia-Camden-Wilmington, PA-NJ-DE-MD MSA","1130","1017","1243","1240","1116","1364","1480","1332","1628","1780","1602","1958","2030","1827","2233"
"19095","METRO37980M37980","Philadelphia-Camden-Wilmington, PA-NJ-DE-MD MSA","1720","1548","1892","1900","1710","2090","2260","2034","2486","2720","2448","2992","3100","2790","3410"
"19096","METRO37980M37980","Philadelphia-Camden-Wilmington, PA-NJ-DE-MD MSA","2020","1818","2222","2220","1998","2442","2650","2385","2915","3190","2871","3509","3630","3267","3993"
"19101","METRO37980M37980","Philadelphia-Camden-Wilmington, PA-NJ-DE-MD MSA","1300","1170","1430","1440","1296","1584","1710","1539","1881","2060","1854","2266","2340","2106","2574"
"19102","METRO37980M37980","Philadelphia-Camden-Wilmington, PA-NJ-DE-MD MSA","2060","1854","2266","2270","2043","2497","2700","2430","2970","3250","2925","3575","3700","3330","4070"
"19103","METRO37980M37980","Philadelphia-Camden-Wilmington, PA-NJ-DE-MD MSA","2060","1854","2266","2270","2043","2497","2700","2430","2970","3250","2925","3575","3700","3330","4070"
"19104","METRO37980M37980","Philadelphia-Camden-Wilmington, PA-NJ-DE-MD MSA","1260","1134","1386","1380","1242","1518","1650","1485","1815","1990","1791","2189","2260","2034","2486"
"19105","METRO37980M37980","Philadelphia-Camden-Wilmington, PA-NJ-DE-MD MSA","1300","1170","1430","1440","1296","1584","1710","1539","1881","2060","1854","2266","2340","2106","2574"
"19106","METRO37980M37980","Philadelphia-Camden-Wilmington, PA-NJ-DE-MD MSA","2060","1854","2266","2270","2043","2497","2700","2430","2970","3250","2925","3575","3700","3330","4070"
"19107","METRO37980M37980","Philadelphia-Camden-Wilmington, PA-NJ-DE-MD MSA","2000","1800","2200","2210","1989","2431","2630","2367","2893","3170","2853","3487","3600","3240","3960"
"19108","METRO37980M37980","Philadelphia-Camden-Wilmington, PA-NJ-DE-MD MSA","1890","1701","2079","2080","1872","2288","2470","2223","2717","2980","2682","3278","3390","3051","3729"
"19109","METRO37980M37980","Philadelphia-Camden-Wilmington, PA-NJ-DE-MD MSA","1300","1170","1430","1440","1296","1584","1710","1539","1881","2060","1854","2266","2340","2106","2574"
"19110","METRO37980M37980","Philadelphia-Camden-Wilmington, PA-NJ-DE-MD MSA","1300","1170","1430","1440","1296","1584","1710","1539","1881","2060","1854","2266","2340","2106","2574"
"19111","METRO37980M37980","Philadelphia-Camden-Wilmington, PA-NJ-DE-MD MSA","1200","1080","1320","1320","1188","1452","1570","1413","1727","1890","1701","2079","2150","1935","2365"
"19112","METRO37980M37980","Philadelphia-Camden-Wilmington, PA-NJ-DE-MD MSA","1300","1170","1430","1440","1296","1584","1710","1539","1881","2060","1854","2266","2340","2106","2574"
"19113","METRO37980M37980","Philadelphia-Camden-Wilmington, PA-NJ-DE-MD MSA","1260","1134","1386","1390","1251","1529","1660","1494","1826","2000","1800","2200","2270","2043","2497"
"19114","METRO37980M37980","Philadelphia-Camden-Wilmington, PA-NJ-DE-MD MSA","1320","1188","1452","1450","1305","1595","1730","1557","1903","2080","1872","2288","2370","2133","2607"
"19115","METRO37980M37980","Philadelphia-Camden-Wilmington, PA-NJ-DE-MD MSA","1200","1080","1320","1320","1188","1452","1570","1413","1727","1890","1701","2079","2150","1935","2365"
"19116","METRO37980M37980","Philadelphia-Camden-Wilmington, PA-NJ-DE-MD MSA","1230","1107","1353","1350","1215","1485","1610","1449","1771","1940","1746","2134","2210","1989","2431"
"19118","METRO37980M37980","Philadelphia-Camden-Wilmington, PA-NJ-DE-MD MSA","1770","1593","1947","1960","1764","2156","2330","2097","2563","2810","2529","3091","3190","2871","3509"
"19119","METRO37980M37980","Philadelphia-Camden-Wilmington, PA-NJ-DE-MD MSA","1230","1107","1353","1360","1224","1496","1620","1458","1782","1950","1755","2145","2220","1998","2442"
"19120","METRO37980M37980","Philadelphia-Camden-Wilmington, PA-NJ-DE-MD MSA","1090","981","1199","1200","1080","1320","1430","1287","1573","1720","1548","1892","1960","1764","2156"
"19121","METRO37980M37980","Philadelphia-Camden-Wilmington, PA-NJ-DE-MD MSA","1200","1080","1320","1320","1188","1452","1570","1413","1727","1890","1701","2079","2150","1935","2365"
"19122","METRO37980M37980","Philadelphia-Camden-Wilmington, PA-NJ-DE-MD MSA","1230","1107","1353","1350","1215","1485","1610","1449","1771","1940","1746","2134","2210","1989","2431"
"19123","METRO37980M37980","Philadelphia-Camden-Wilmington, PA-NJ-DE-MD MSA","1800","1620","1980","1980","1782","2178","2360","2124","2596","2840","2556","3124","3230","2907","3553"
"19124","METRO37980M37980","Philadelphia-Camden-Wilmington, PA-NJ-DE-MD MSA","1070","963","1177","1170","1053","1287","1400","1260","1540","1690","1521","1859","1920","1728","2112"
"19125","METRO37980M37980","Philadelphia-Camden-Wilmington, PA-NJ-DE-MD MSA","1700","1530","1870","1870","1683","2057","2230","2007","2453","2690","2421","2959","3050","2745","3355"
"19126","METRO37980M37980","Philadelphia-Camden-Wilmington, PA-NJ-DE-MD MSA","1130","1017","1243","1240","1116","1364","1480","1332","1628","1780","1602","1958","2030","1827","2233"
"19127","METRO37980M37980","Philadelphia-Camden-Wilmington, PA-NJ-DE-MD MSA","1790","1611","1969","1970","1773","2167","2350","2115","2585","2830","2547","3113","3220","2898","3542"
"19128","METRO37980M37980","Philadelphia-Camden-Wilmington, PA-NJ-DE-MD MSA","1520","1368","1672","1680","1512","1848","2000","1800","2200","2410","2169","2651","2740","2466","3014"
"19129","METRO37980M37980","Philadelphia-Camden-Wilmington, PA-NJ-DE-MD MSA","1580","1422","1738","1740","1566","1914","2070","1863","2277","2490","2241","2739","2840","2556","3124"
"19130","METRO37980M37980","Philadelphia-Camden-Wilmington, PA-NJ-DE-MD MSA","1900","1710","2090","2090","1881","2299","2490","2241","2739","3000","2700","3300","3410","3069","3751"
"19131","METRO37980M37980","Philadelphia-Camden-Wilmington, PA-NJ-DE-MD MSA","1320","1188","1452","1450","1305","1595","1730","1557","1903","2080","1872","2288","2370","2133","2607"
"19132","METRO37980M37980","Philadelphia-Camden-Wilmington, PA-NJ-DE-MD MSA","1070","963","1177","1170","1053","1287","1400","1260","1540","1690","1521","1859","1920","1728","2112"
"19133","METRO37980M37980","Philadelphia-Camden-Wilmington, PA-NJ-DE-MD MSA","990","891","1089","1090","981","1199","1300","1170","1430","1570","1413","1727","1780","1602","1958"
"19134","METRO37980M37980","Philadelphia-Camden-Wilmington, PA-NJ-DE-MD MSA","990","891","1089","1090","981","1199","1300","1170","1430","1570","1413","1727","1780","1602","1958"
"19135","METRO37980M37980","Philadelphia-Camden-Wilmington, PA-NJ-DE-MD MSA","1210","1089","1331","1330","1197","1463","1590","1431","1749","1920","1728","2112","2180","1962","2398"
"19136","METRO37980M37980","Philadelphia-Camden-Wilmington, PA-NJ-DE-MD MSA","1100","990","1210","1220","1098","1342","1450","1305","1595","1750","1575","1925","1990","1791","2189"
"19137","METRO37980M37980","Philadelphia-Camden-Wilmington, PA-NJ-DE-MD MSA","1240","1116","1364","1370","1233","1507","1630","1467","1793","1960","1764","2156","2230","2007","2453"
"19138","METRO37980M37980","Philadelphia-Camden-Wilmington, PA-NJ-DE-MD MSA","1190","1071","1309","1310","1179","1441","1560","1404","1716","1880","1692","2068","2140","1926","2354"
"19139","METRO37980M37980","Philadelphia-Camden-Wilmington, PA-NJ-DE-MD MSA","1100","990","1210","1220","1098","1342","1450","1305","1595","1750","1575","1925","1990","1791","2189"
"19140","METRO37980M37980","Philadelphia-Camden-Wilmington, PA-NJ-DE-MD MSA","1090","981","1199","1200","1080","1320","1430","1287","1573","1720","1548","1892","1960","1764","2156"
"19141","METRO37980M37980","Philadelphia-Camden-Wilmington, PA-NJ-DE-MD MSA","1060","954","1166","1170","1053","1287","1390","1251","1529","1670","1503","1837","1900","1710","2090"
"19142","METRO37980M37980","Philadelphia-Camden-Wilmington, PA-NJ-DE-MD MSA","1120","1008","1232","1230","1107","1353","1470","1323","1617","1770","1593","1947","2010","1809","2211"
"19143","METRO37980M37980","Philadelphia-Camden-Wilmington, PA-NJ-DE-MD MSA","1110","999","1221","1230","1107","1353","1460","1314","1606","1760","1584","1936","2000","1800","2200"
"19144","METRO37980M37980","Philadelphia-Camden-Wilmington, PA-NJ-DE-MD MSA","1200","1080","1320","1330","1197","1463","1580","1422","1738","1900","1710","2090","2160","1944","2376"
"19145","METRO37980M37980","Philadelphia-Camden-Wilmington, PA-NJ-DE-MD MSA","1360","1224","1496","1500","1350","1650","1790","1611","1969","2160","1944","2376","2450","2205","2695"
"19146","METRO37980M37980","Philadelphia-Camden-Wilmington, PA-NJ-DE-MD MSA","1710","1539","1881","1880","1692","2068","2240","2016","2464","2700","2430","2970","3070","2763","3377"
"19147","METRO37980M37980","Philadelphia-Camden-Wilmington, PA-NJ-DE-MD MSA","1800","1620","1980","1980","1782","2178","2360","2124","2596","2840","2556","3124","3230","2907","3553"
"19148","METRO37980M37980","Philadelphia-Camden-Wilmington, PA-NJ-DE-MD MSA","1390","1251","1529","1540","1386","1694","1830","1647","2013","2200","1980","2420","2510","2259","2761"
"19149","METRO37980M37980","Philadelphia-Camden-Wilmington, PA-NJ-DE-MD MSA","1330","1197","1463","1470","1323","1617","1750","1575","1925","2110","1899","2321","2400","2160","2640"
"19150","METRO37980M37980","Philadelphia-Camden-Wilmington, PA-NJ-DE-MD MSA","1260","1134","1386","1390","1251","1529","1660","1494","1826","2000","1800","2200","2270","2043","2497"
"19151","METRO37980M37980","Philadelphia-Camden-Wilmington, PA-NJ-DE-MD MSA","1080","972","1188","1190","1071","1309","1420","1278","1562","1710","1539","1881","1950","1755","2145"
"19152","METRO37980M37980","Philadelphia-Camden-Wilmington, PA-NJ-DE-MD MSA","1200","1080","1320","1330","1197","1463","1580","1422","1738","1900","1710","2090","2160","1944","2376"
"19153","METRO37980M37980","Philadelphia-Camden-Wilmington, PA-NJ-DE-MD MSA","1390","1251","1529","1530","1377","1683","1820","1638","2002","2190","1971","2409","2490","2241","2739"
"19154","METRO37980M37980","Philadelphia-Camden-Wilmington, PA-NJ-DE-MD MSA","1390","1251","1529","1540","1386","1694","1830","1647","2013","2200","1980","2420","2510","2259","2761"
"19160","METRO37980M37980","Philadelphia-Camden-Wilmington, PA-NJ-DE-MD MSA","1300","1170","1430","1440","1296","1584","1710","1539","1881","2060","1854","2266","2340","2106","2574"
"19176","METRO37980M37980","Philadelphia-Camden-Wilmington, PA-NJ-DE-MD MSA","1300","1170","1430","1440","1296","1584","1710","1539","1881","2060","1854","2266","2340","2106","2574"
"19190","METRO37980M37980","Philadelphia-Camden-Wilmington, PA-NJ-DE-MD MSA","1300","1170","1430","1440","1296","1584","1710","1539","1881","2060","1854","2266","2340","2106","2574"
"19192","METRO37980M37980","Philadelphia-Camden-Wilmington, PA-NJ-DE-MD MSA","1300","1170","1430","1440","1296","1584","1710","1539","1881","2060","1854","2266","2340","2106","2574"
"19301","METRO37980M37980","Philadelphia-Camden-Wilmington, PA-NJ-DE-MD MSA","1760","1584","1936","1940","1746","2134","2310","2079","2541","2780","2502","3058","3160","2844","3476"
"19310","METRO37980M37980","Philadelphia-Camden-Wilmington, PA-NJ-DE-MD MSA","1340","1206","1474","1470","1323","1617","1760","1584","1936","2140","1926","2354","2410","2169","2651"
"19311","METRO37980M37980","Philadelphia-Camden-Wilmington, PA-NJ-DE-MD MSA","1390","1251","1529","1540","1386","1694","1830","1647","2013","2200","1980","2420","2510","2259","2761"
"19312","METRO37980M37980","Philadelphia-Camden-Wilmington, PA-NJ-DE-MD MSA","1740","1566","1914","1920","1728","2112","2290","2061","2519","2760","2484","3036","3140","2826","3454"
"19316","METRO37980M37980","Philadelphia-Camden-Wilmington, PA-NJ-DE-MD MSA","1300","1170","1430","1440","1296","1584","1720","1548","1892","2070","1863","2277","2350","2115","2585"
"19317","METRO37980M37980","Philadelphia-Camden-Wilmington, PA-NJ-DE-MD MSA","1910","1719","2101","2110","1899","2321","2510","2259","2761","3020","2718","3322","3440","3096","3784"
"19318","METRO37980M37980","Philadelphia-Camden-Wilmington, PA-NJ-DE-MD MSA","1590","1431","1749","1750","1575","1925","2090","1881","2299","2520","2268","2772","2860","2574","3146"
"19319","METRO37980M37980","Philadelphia-Camden-Wilmington, PA-NJ-DE-MD MSA","2000","1800","2200","2210","1989","2431","2630","2367","2893","3160","2844","3476","3600","3240","3960"
"19320","METRO37980M37980","Philadelphia-Camden-Wilmington, PA-NJ-DE-MD MSA","1440","1296","1584","1590","1431","1749","1890","1701","2079","2280","2052","2508","2590","2331","2849"
"19330","METRO37980M37980","Philadelphia-Camden-Wilmington, PA-NJ-DE-MD MSA","1150","1035","1265","1270","1143","1397","1510","1359","1661","1820","1638","2002","2070","1863","2277"
"19331","METRO37980M37980","Philadelphia-Camden-Wilmington, PA-NJ-DE-MD MSA","1260","1134","1386","1390","1251","1529","1660","1494","1826","2000","1800","2200","2270","2043","2497"
"19333","METRO37980M37980","Philadelphia-Camden-Wilmington, PA-NJ-DE-MD MSA","1810","1629","1991","2000","1800","2200","2380","2142","2618","2870","2583","3157","3260","2934","3586"
"19335","METRO37980M37980","Philadelphia-Camden-Wilmington, PA-NJ-DE-MD MSA","1510","1359","1661","1660","1494","1826","1980","1782","2178","2390","2151","2629","2710","2439","2981"
"19341","METRO37980M37980","Philadelphia-Camden-Wilmington, PA-NJ-DE-MD MSA","1920","1728","2112","2110","1899","2321","2520","2268","2772","3040","2736","3344","3450","3105","3795"
"19342","METRO37980M37980","Philadelphia-Camden-Wilmington, PA-NJ-DE-MD MSA","2060","1854","2266","2270","2043","2497","2700","2430","2970","3250","2925","3575","3700","3330","4070"
"19343","METRO37980M37980","Philadelphia-Camden-Wilmington, PA-NJ-DE-MD MSA","1740","1566","1914","1920","1728","2112","2290","2061","2519","2760","2484","3036","3140","2826","3454"
"19344","METRO37980M37980","Philadelphia-Camden-Wilmington, PA-NJ-DE-MD MSA","1160","1044","1276","1280","1152","1408","1530","1377","1683","1840","1656","2024","2090","1881","2299"
"19345","METRO37980M37980","Philadelphia-Camden-Wilmington, PA-NJ-DE-MD MSA","1890","1701","2079","2080","1872","2288","2480","2232","2728","2990","2691","3289","3400","3060","3740"
"19346","METRO37980M37980","Philadelphia-Camden-Wilmington, PA-NJ-DE-MD MSA","1590","1431","1749","1750","1575","1925","2090","1881","2299","2520","2268","2772","2860","2574","3146"
"19347","METRO37980M37980","Philadelphia-Camden-Wilmington, PA-NJ-DE-MD MSA","1590","1431","1749","1750","1575","1925","2090","1881","2299","2520","2268","2772","2860","2574","3146"
"19348","METRO37980M37980","Philadelphia-Camden-Wilmington, PA-NJ-DE-MD MSA","1260","1134","1386","1380","1242","1518","1650","1485","1815","1990","1791","2189","2260","2034","2486"
"19350","METRO37980M37980","Philadelphia-Camden-Wilmington, PA-NJ-DE-MD MSA","1410","1269","1551","1550","1395","1705","1850","1665","2035","2230","2007","2453","2530","2277","2783"
"19352","METRO37980M37980","Philadelphia-Camden-Wilmington, PA-NJ-DE-MD MSA","1290","1161","1419","1420","1278","1562","1690","1521","1859","2040","1836","2244","2310","2079","2541"
"19354","METRO37980M37980","Philadelphia-Camden-Wilmington, PA-NJ-DE-MD MSA","1590","1431","1749","1750","1575","1925","2090","1881","2299","2520","2268","2772","2860","2574","3146"
"19355","METRO37980M37980","Philadelphia-Camden-Wilmington, PA-NJ-DE-MD MSA","1890","1701","2079","2080","1872","2288","2480","2232","2728","2990","2691","3289","3400","3060","3740"
"19357","METRO37980M37980","Philadelphia-Camden-Wilmington, PA-NJ-DE-MD MSA","1590","1431","1749","1750","1575","1925","2090","1881","2299","2520","2268","2772","2860","2574","3146"
"19358","METRO37980M37980","Philadelphia-Camden-Wilmington, PA-NJ-DE-MD MSA","1280","1152","1408","1410","1269","1551","1680","1512","1848","2020","1818","2222","2300","2070","2530"
"19360","METRO37980M37980","Philadelphia-Camden-Wilmington, PA-NJ-DE-MD MSA","1590","1431","1749","1750","1575","1925","2090","1881","2299","2520","2268","2772","2860","2574","3146"
"19362","METRO37980M37980","Philadelphia-Camden-Wilmington, PA-NJ-DE-MD MSA","1030","927","1133","1140","1026","1254","1390","1251","1529","1720","1548","1892","1880","1692","2068"
"19363","METRO37980M37980","Philadelphia-Camden-Wilmington, PA-NJ-DE-MD MSA","1190","1071","1309","1310","1179","1441","1560","1404","1716","1880","1692","2068","2130","1917","2343"
"19365","METRO37980M37980","Philadelphia-Camden-Wilmington, PA-NJ-DE-MD MSA","1230","1107","1353","1360","1224","1496","1620","1458","1782","1950","1755","2145","2220","1998","2442"
"19366","METRO37980M37980","Philadelphia-Camden-Wilmington, PA-NJ-DE-MD MSA","1590","1431","1749","1750","1575","1925","2090","1881","2299","2520","2268","2772","2860","2574","3146"
"19367","METRO37980M37980","Philadelphia-Camden-Wilmington, PA-NJ-DE-MD MSA","1370","1233","1507","1510","1359","1661","1790","1611","1969","2160","1944","2376","2460","2214","2706"
"19369","METRO37980M37980","Philadelphia-Camden-Wilmington, PA-NJ-DE-MD MSA","1360","1224","1496","1510","1359","1661","1800","1620","1980","2180","1962","2398","2520","2268","2772"
"19372","METRO37980M37980","Philadelphia-Camden-Wilmington, PA-NJ-DE-MD MSA","2030","1827","2233","2230","2007","2453","2660","2394","2926","3200","2880","3520","3640","3276","4004"
"19373","METRO37980M37980","Philadelphia-Camden-Wilmington, PA-NJ-DE-MD MSA","1860","1674","2046","2040","1836","2244","2430","2187","2673","2930","2637","3223","3330","2997","3663"
"19374","METRO37980M37980","Philadelphia-Camden-Wilmington, PA-NJ-DE-MD MSA","1030","927","1133","1130","1017","1243","1350","1215","1485","1630","1467","1793","1850","1665","2035"
"19375","METRO37980M37980","Philadelphia-Camden-Wilmington, PA-NJ-DE-MD MSA","1280","1152","1408","1400","1260","1540","1680","1512","1848","2020","1818","2222","2300","2070","2530"
"19380","METRO37980M37980","Philadelphia-Camden-Wilmington, PA-NJ-DE-MD MSA","1790","1611","1969","1970","1773","2167","2350","2115","2585","2830","2547","3113","3220","2898","3542"
"19381","METRO37980M37980","Philadelphia-Camden-Wilmington, PA-NJ-DE-MD MSA","1590","1431","1749","1750","1575","1925","2090","1881","2299","2520","2268","2772","2860","2574","3146"
"19382","METRO37980M37980","Philadelphia-Camden-Wilmington, PA-NJ-DE-MD MSA","1580","1422","1738","1740","1566","1914","2070","1863","2277","2490","2241","2739","2840","2556","3124"
"19383","METRO37980M37980","Philadelphia-Camden-Wilmington, PA-NJ-DE-MD MSA","1580","1422","1738","1740","1566","1914","2070","1863","2277","2490","2241","2739","2840","2556","3124"
"19390","METRO37980M37980","Philadelphia-Camden-Wilmington, PA-NJ-DE-MD MSA","1270","1143","1397","1400","1260","1540","1670","1503","1837","2010","1809","2211","2290","2061","2519"
"19395","METRO37980M37980","Philadelphia-Camden-Wilmington, PA-NJ-DE-MD MSA","1590","1431","1749","1750","1575","1925","2090","1881","2299","2520","2268","2772","2860","2574","3146"
"19399","METRO37980M37980","Philadelphia-Camden-Wilmington, PA-NJ-DE-MD MSA","1590","1431","1749","1750","1575","1925","2090","1881","2299","2520","2268","2772","2860","2574","3146"
"19401","METRO37980M37980","Philadelphia-Camden-Wilmington, PA-NJ-DE-MD MSA","1390","1251","1529","1540","1386","1694","1830","1647","2013","2200","1980","2420","2510","2259","2761"
"19403","METRO37980M37980","Philadelphia-Camden-Wilmington, PA-NJ-DE-MD MSA","1540","1386","1694","1700","1530","1870","2020","1818","2222","2430","2187","2673","2770","2493","3047"
"19404","METRO37980M37980","Philadelphia-Camden-Wilmington, PA-NJ-DE-MD MSA","1520","1368","1672","1670","1503","1837","1990","1791","2189","2400","2160","2640","2730","2457","3003"
"19405","METRO37980M37980","Philadelphia-Camden-Wilmington, PA-NJ-DE-MD MSA","1420","1278","1562","1560","1404","1716","1860","1674","2046","2240","2016","2464","2550","2295","2805"
"19406","METRO37980M37980","Philadelphia-Camden-Wilmington, PA-NJ-DE-MD MSA","1840","1656","2024","2030","1827","2233","2420","2178","2662","2920","2628","3212","3310","2979","3641"
"19407","METRO37980M37980","Philadelphia-Camden-Wilmington, PA-NJ-DE-MD MSA","1520","1368","1672","1670","1503","1837","1990","1791","2189","2400","2160","2640","2730","2457","3003"
"19408","METRO37980M37980","Philadelphia-Camden-Wilmington, PA-NJ-DE-MD MSA","1520","1368","1672","1670","1503","1837","1990","1791","2189","2400","2160","2640","2730","2457","3003"
"19409","METRO37980M37980","Philadelphia-Camden-Wilmington, PA-NJ-DE-MD MSA","1520","1368","1672","1670","1503","1837","1990","1791","2189","2400","2160","2640","2730","2457","3003"
"19421","METRO37980M37980","Philadelphia-Camden-Wilmington, PA-NJ-DE-MD MSA","1590","1431","1749","1750","1575","1925","2090","1881","2299","2520","2268","2772","2860","2574","3146"
"19422","METRO37980M37980","Philadelphia-Camden-Wilmington, PA-NJ-DE-MD MSA","2010","1809","2211","2220","1998","2442","2640","2376","2904","3180","2862","3498","3620","3258","3982"
"19425","METRO37980M37980","Philadelphia-Camden-Wilmington, PA-NJ-DE-MD MSA","2060","1854","2266","2270","2043","2497","2700","2430","2970","3250","2925","3575","3700","3330","4070"
"19426","METRO37980M37980","Philadelphia-Camden-Wilmington, PA-NJ-DE-MD MSA","1710","1539","1881","1880","1692","2068","2240","2016","2464","2700","2430","2970","3070","2763","3377"
"19428","METRO37980M37980","Philadelphia-Camden-Wilmington, PA-NJ-DE-MD MSA","1820","1638","2002","2010","1809","2211","2390","2151","2629","2880","2592","3168","3270","2943","3597"
"19435","METRO37980M37980","Philadelphia-Camden-Wilmington, PA-NJ-DE-MD MSA","1300","1170","1430","1440","1296","1584","1730","1557","1903","2090","1881","2299","2420","2178","2662"
"19436","METRO37980M37980","Philadelphia-Camden-Wilmington, PA-NJ-DE-MD MSA","1490","1341","1639","1640","1476","1804","1960","1764","2156","2360","2124","2596","2680","2412","2948"
"19437","METRO37980M37980","Philadelphia-Camden-Wilmington, PA-NJ-DE-MD MSA","1510","1359","1661","1660","1494","1826","1980","1782","2178","2390","2151","2629","2720","2448","2992"
"19438","METRO37980M37980","Philadelphia-Camden-Wilmington, PA-NJ-DE-MD MSA","1710","1539","1881","1890","1701","2079","2250","2025","2475","2710","2439","2981","3080","2772","3388"
"19440","METRO37980M37980","Philadelphia-Camden-Wilmington, PA-NJ-DE-MD MSA","1350","1215","1485","1490","1341","1639","1770","1593","1947","2130","1917","2343","2420","2178","2662"
"19442","METRO37980M37980","Philadelphia-Camden-Wilmington, PA-NJ-DE-MD MSA","1590","1431","1749","1750","1575","1925","2090","1881","2299","2520","2268","2772","2860","2574","3146"
"19443","METRO37980M37980","Philadelphia-Camden-Wilmington, PA-NJ-DE-MD MSA","1520","1368","1672","1670","1503","1837","1990","1791","2189","2400","2160","2640","2730","2457","3003"
"19444","METRO37980M37980","Philadelphia-Camden-Wilmington, PA-NJ-DE-MD MSA","1910","1719","2101","2110","1899","2321","2510","2259","2761","3020","2718","3322","3440","3096","3784"
"19446","METRO37980M37980","Philadelphia-Camden-Wilmington, PA-NJ-DE-MD MSA","1580","1422","1738","1740","1566","1914","2070","1863","2277","2490","2241","2739","2840","2556","3124"
"19450","METRO37980M37980","Philadelphia-Camden-Wilmington, PA-NJ-DE-MD MSA","1520","1368","1672","1670","1503","1837","1990","1791","2189","2400","2160","2640","2730","2457","3003"
"19451","METRO37980M37980","Philadelphia-Camden-Wilmington, PA-NJ-DE-MD MSA","1520","1368","1672","1670","1503","1837","1990","1791","2189","2400","2160","2640","2730","2457","3003"
"19453","METRO37980M37980","Philadelphia-Camden-Wilmington, PA-NJ-DE-MD MSA","1740","1566","1914","1910","1719","2101","2280","2052","2508","2750","2475","3025","3120","2808","3432"
"19454","METRO37980M37980","Philadelphia-Camden-Wilmington, PA-NJ-DE-MD MSA","1590","1431","1749","1750","1575","1925","2090","1881","2299","2520","2268","2772","2860","2574","3146"
"19456","METRO37980M37980","Philadelphia-Camden-Wilmington, PA-NJ-DE-MD MSA","1630","1467","1793","1790","1611","1969","2140","1926","2354","2580","2322","2838","2930","2637","3223"
"19457","METRO37980M37980","Philadelphia-Camden-Wilmington, PA-NJ-DE-MD MSA","1140","1026","1254","1250","1125","1375","1500","1350","1650","1800","1620","1980","2050","1845","2255"
"19460","METRO37980M37980","Philadelphia-Camden-Wilmington, PA-NJ-DE-MD MSA","1550","1395","1705","1710","1539","1881","2040","1836","2244","2460","2214","2706","2790","2511","3069"
"19462","METRO37980M37980","Philadelphia-Camden-Wilmington, PA-NJ-DE-MD MSA","1800","1620","1980","1980","1782","2178","2360","2124","2596","2840","2556","3124","3230","2907","3553"
"19464","METRO37980M37980","Philadelphia-Camden-Wilmington, PA-NJ-DE-MD MSA","1190","1071","1309","1310","1179","1441","1560","1404","1716","1880","1692","2068","2140","1926","2354"
"19465","METRO37980M37980","Philadelphia-Camden-Wilmington, PA-NJ-DE-MD MSA","1310","1179","1441","1440","1296","1584","1720","1548","1892","2070","1863","2277","2360","2124","2596"
"19468","METRO37980M37980","Philadelphia-Camden-Wilmington, PA-NJ-DE-MD MSA","1670","1503","1837","1840","1656","2024","2190","1971","2409","2640","2376","2904","3000","2700","3300"
"19472","METRO37980M37980","Philadelphia-Camden-Wilmington, PA-NJ-DE-MD MSA","1100","990","1210","1230","1107","1353","1500","1350","1650","1830","1647","2013","2030","1827","2233"
"19473","METRO37980M37980","Philadelphia-Camden-Wilmington, PA-NJ-DE-MD MSA","1480","1332","1628","1640","1476","1804","1950","1755","2145","2350","2115","2585","2670","2403","2937"
"19474","METRO37980M37980","Philadelphia-Camden-Wilmington, PA-NJ-DE-MD MSA","1570","1413","1727","1730","1557","1903","2060","1854","2266","2480","2232","2728","2820","2538","3102"
"19475","METRO37980M37980","Philadelphia-Camden-Wilmington, PA-NJ-DE-MD MSA","970","873","1067","1070","963","1177","1280","1152","1408","1540","1386","1694","1750","1575","1925"
"19477","METRO37980M37980","Philadelphia-Camden-Wilmington, PA-NJ-DE-MD MSA","1400","1260","1540","1540","1386","1694","1840","1656","2024","2220","1998","2442","2520","2268","2772"
"19478","METRO37980M37980","Philadelphia-Camden-Wilmington, PA-NJ-DE-MD MSA","1520","1368","1672","1670","1503","1837","1990","1791","2189","2400","2160","2640","2730","2457","3003"
"19480","METRO37980M37980","Philadelphia-Camden-Wilmington, PA-NJ-DE-MD MSA","1590","1431","1749","1750","1575","1925","2090","1881","2299","2520","2268","2772","2860","2574","3146"
"19481","METRO37980M37980","Philadelphia-Camden-Wilmington, PA-NJ-DE-MD MSA","1590","1431","1749","1750","1575","1925","2090","1881","2299","2520","2268","2772","2860","2574","3146"
"19482","METRO37980M37980","Philadelphia-Camden-Wilmington, PA-NJ-DE-MD MSA","1590","1431","1749","1750","1575","1925","2090","1881","2299","2520","2268","2772","2860","2574","3146"
"19484","METRO37980M37980","Philadelphia-Camden-Wilmington, PA-NJ-DE-MD MSA","1520","1368","1672","1670","1503","1837","1990","1791","2189","2400","2160","2640","2730","2457","3003"
"19486","METRO37980M37980","Philadelphia-Camden-Wilmington, PA-NJ-DE-MD MSA","1520","1368","1672","1670","1503","1837","1990","1791","2189","2400","2160","2640","2730","2457","3003"
"19490","METRO37980M37980","Philadelphia-Camden-Wilmington, PA-NJ-DE-MD MSA","1620","1458","1782","1790","1611","1969","2130","1917","2343","2560","2304","2816","2920","2628","3212"
"19492","METRO37980M37980","Philadelphia-Camden-Wilmington, PA-NJ-DE-MD MSA","1480","1332","1628","1640","1476","1804","1950","1755","2145","2350","2115","2585","2670","2403","2937"
"19504","METRO37980M37980","Philadelphia-Camden-Wilmington, PA-NJ-DE-MD MSA","950","855","1045","1090","981","1199","1340","1206","1474","1660","1494","1826","1800","1620","1980"
"19505","METRO37980M37980","Philadelphia-Camden-Wilmington, PA-NJ-DE-MD MSA","1020","918","1122","1170","1053","1287","1470","1323","1617","1840","1656","2024","1960","1764","2156"
"19512","METRO37980M37980","Philadelphia-Camden-Wilmington, PA-NJ-DE-MD MSA","940","846","1034","1080","972","1188","1360","1224","1496","1690","1521","1859","1810","1629","1991"
"19518","METRO37980M37980","Philadelphia-Camden-Wilmington, PA-NJ-DE-MD MSA","1120","1008","1232","1300","1170","1430","1640","1476","1804","2050","1845","2255","2170","1953","2387"
"19520","METRO37980M37980","Philadelphia-Camden-Wilmington, PA-NJ-DE-MD MSA","1000","900","1100","1110","999","1221","1340","1206","1474","1620","1458","1782","1820","1638","2002"
"19525","METRO37980M37980","Philadelphia-Camden-Wilmington, PA-NJ-DE-MD MSA","1180","1062","1298","1300","1170","1430","1550","1395","1705","1870","1683","2057","2120","1908","2332"
"19543","METRO37980M37980","Philadelphia-Camden-Wilmington, PA-NJ-DE-MD MSA","950","855","1045","1100","990","1210","1380","1242","1518","1730","1557","1903","1830","1647","2013"
"19701","METRO37980M37980","Philadelphia-Camden-Wilmington, PA-NJ-DE-MD MSA","1700","1530","1870","1870","1683","2057","2230","2007","2453","2690","2421","2959","3050","2745","3355"
"19702","METRO37980M37980","Philadelphia-Camden-Wilmington, PA-NJ-DE-MD MSA","1460","1314","1606","1610","1449","1771","1920","1728","2112","2310","2079","2541","2630","2367","2893"
"19703","METRO37980M37980","Philadelphia-Camden-Wilmington, PA-NJ-DE-MD MSA","1270","1143","1397","1400","1260","1540","1670","1503","1837","2010","1809","2211","2290","2061","2519"
"19706","METRO37980M37980","Philadelphia-Camden-Wilmington, PA-NJ-DE-MD MSA","1320","1188","1452","1450","1305","1595","1730","1557","1903","2080","1872","2288","2370","2133","2607"
"19707","METRO37980M37980","Philadelphia-Camden-Wilmington, PA-NJ-DE-MD MSA","1710","1539","1881","1900","1710","2090","2280","2052","2508","2760","2484","3036","3180","2862","3498"
"19708","METRO37980M37980","Philadelphia-Camden-Wilmington, PA-NJ-DE-MD MSA","1360","1224","1496","1500","1350","1650","1790","1611","1969","2160","1944","2376","2450","2205","2695"
"19709","METRO37980M37980","Philadelphia-Camden-Wilmington, PA-NJ-DE-MD MSA","1510","1359","1661","1660","1494","1826","1980","1782","2178","2390","2151","2629","2710","2439","2981"
"19710","METRO37980M37980","Philadelphia-Camden-Wilmington, PA-NJ-DE-MD MSA","1680","1512","1848","1850","1665","2035","2200","1980","2420","2650","2385","2915","3010","2709","3311"
"19711","METRO37980M37980","Philadelphia-Camden-Wilmington, PA-NJ-DE-MD MSA","1360","1224","1496","1490","1341","1639","1780","1602","1958","2140","1926","2354","2440","2196","2684"
"19713","METRO37980M37980","Philadelphia-Camden-Wilmington, PA-NJ-DE-MD MSA","1290","1161","1419","1430","1287","1573","1700","1530","1870","2050","1845","2255","2330","2097","2563"
"19714","METRO37980M37980","Philadelphia-Camden-Wilmington, PA-NJ-DE-MD MSA","1360","1224","1496","1500","1350","1650","1790","1611","1969","2160","1944","2376","2450","2205","2695"
"19715","METRO37980M37980","Philadelphia-Camden-Wilmington, PA-NJ-DE-MD MSA","1360","1224","1496","1500","1350","1650","1790","1611","1969","2160","1944","2376","2450","2205","2695"
"19716","METRO37980M37980","Philadelphia-Camden-Wilmington, PA-NJ-DE-MD MSA","1360","1224","1496","1500","1350","1650","1790","1611","1969","2160","1944","2376","2450","2205","2695"
"19717","METRO37980M37980","Philadelphia-Camden-Wilmington, PA-NJ-DE-MD MSA","1360","1224","1496","1490","1341","1639","1780","1602","1958","2140","1926","2354","2440","2196","2684"
"19720","METRO37980M37980","Philadelphia-Camden-Wilmington, PA-NJ-DE-MD MSA","1240","1116","1364","1370","1233","1507","1630","1467","1793","1960","1764","2156","2230","2007","2453"
"19721","METRO37980M37980","Philadelphia-Camden-Wilmington, PA-NJ-DE-MD MSA","1360","1224","1496","1500","1350","1650","1790","1611","1969","2160","1944","2376","2450","2205","2695"
"19726","METRO37980M37980","Philadelphia-Camden-Wilmington, PA-NJ-DE-MD MSA","1360","1224","1496","1500","1350","1650","1790","1611","1969","2160","1944","2376","2450","2205","2695"
"19730","METRO37980M37980","Philadelphia-Camden-Wilmington, PA-NJ-DE-MD MSA","1300","1170","1430","1440","1296","1584","1710","1539","1881","2060","1854","2266","2340","2106","2574"
"19731","METRO37980M37980","Philadelphia-Camden-Wilmington, PA-NJ-DE-MD MSA","1510","1359","1661","1660","1494","1826","1980","1782","2178","2390","2151","2629","2710","2439","2981"
"19732","METRO37980M37980","Philadelphia-Camden-Wilmington, PA-NJ-DE-MD MSA","1650","1485","1815","1820","1638","2002","2170","1953","2387","2620","2358","2882","2980","2682","3278"
"19733","METRO37980M37980","Philadelphia-Camden-Wilmington, PA-NJ-DE-MD MSA","1330","1197","1463","1470","1323","1617","1750","1575","1925","2100","1890","2310","2390","2151","2629"
"19734","METRO37980M37980","Philadelphia-Camden-Wilmington, PA-NJ-DE-MD MSA","1440","1296","1584","1590","1431","1749","1890","1701","2079","2280","2052","2508","2590","2331","2849"
"19735","METRO37980M37980","Philadelphia-Camden-Wilmington, PA-NJ-DE-MD MSA","1360","1224","1496","1500","1350","1650","1790","1611","1969","2160","1944","2376","2450","2205","2695"
"19736","METRO37980M37980","Philadelphia-Camden-Wilmington, PA-NJ-DE-MD MSA","1710","1539","1881","1890","1701","2079","2270","2043","2497","2750","2475","3025","3170","2853","3487"
"19801","METRO37980M37980","Philadelphia-Camden-Wilmington, PA-NJ-DE-MD MSA","1190","1071","1309","1310","1179","1441","1560","1404","1716","1880","1692","2068","2140","1926","2354"
"19802","METRO37980M37980","Philadelphia-Camden-Wilmington, PA-NJ-DE-MD MSA","1230","1107","1353","1350","1215","1485","1610","1449","1771","1940","1746","2134","2210","1989","2431"
"19803","METRO37980M37980","Philadelphia-Camden-Wilmington, PA-NJ-DE-MD MSA","1640","1476","1804","1810","1629","1991","2160","1944","2376","2600","2340","2860","2960","2664","3256"
"19804","METRO37980M37980","Philadelphia-Camden-Wilmington, PA-NJ-DE-MD MSA","1260","1134","1386","1380","1242","1518","1650","1485","1815","1990","1791","2189","2260","2034","2486"
"19805","METRO37980M37980","Philadelphia-Camden-Wilmington, PA-NJ-DE-MD MSA","1160","1044","1276","1280","1152","1408","1520","1368","1672","1830","1647","2013","2080","1872","2288"
"19806","METRO37980M37980","Philadelphia-Camden-Wilmington, PA-NJ-DE-MD MSA","1320","1188","1452","1450","1305","1595","1730","1557","1903","2080","1872","2288","2370","2133","2607"
"19807","METRO37980M37980","Philadelphia-Camden-Wilmington, PA-NJ-DE-MD MSA","1680","1512","1848","1850","1665","2035","2200","1980","2420","2650","2385","2915","3010","2709","3311"
"19808","METRO37980M37980","Philadelphia-Camden-Wilmington, PA-NJ-DE-MD MSA","1340","1206","1474","1480","1332","1628","1760","1584","1936","2120","1908","2332","2410","2169","2651"
"19809","METRO37980M37980","Philadelphia-Camden-Wilmington, PA-NJ-DE-MD MSA","1360","1224","1496","1500","1350","1650","1790","1611","1969","2160","1944","2376","2450","2205","2695"
"19810","METRO37980M37980","Philadelphia-Camden-Wilmington, PA-NJ-DE-MD MSA","1340","1206","1474","1480","1332","1628","1760","1584","1936","2120","1908","2332","2410","2169","2651"
"19884","METRO37980M37980","Philadelphia-Camden-Wilmington, PA-NJ-DE-MD MSA","1360","1224","1496","1500","1350","1650","1790","1611","1969","2160","1944","2376","2450","2205","2695"
"19899","METRO37980M37980","Philadelphia-Camden-Wilmington, PA-NJ-DE-MD MSA","1360","1224","1496","1500","1350","1650","1790","1611","1969","2160","1944","2376","2450","2205","2695"
"19938","METRO37980M37980","Philadelphia-Camden-Wilmington, PA-NJ-DE-MD MSA","1430","1287","1573","1450","1305","1595","1820","1638","2002","2500","2250","2750","2750","2475","3025"
"19977","METRO37980M37980","Philadelphia-Camden-Wilmington, PA-NJ-DE-MD MSA","1280","1152","1408","1310","1179","1441","1640","1476","1804","2230","2007","2453","2460","2214","2706"
"21901","METRO37980M37980","Philadelphia-Camden-Wilmington, PA-NJ-DE-MD MSA","1390","1251","1529","1540","1386","1694","1830","1647","2013","2200","1980","2420","2510","2259","2761"
"21902","METRO37980M37980","Philadelphia-Camden-Wilmington, PA-NJ-DE-MD MSA","1130","1017","1243","1240","1116","1364","1480","1332","1628","1780","1602","1958","2030","1827","2233"
"21903","METRO37980M37980","Philadelphia-Camden-Wilmington, PA-NJ-DE-MD MSA","1130","1017","1243","1240","1116","1364","1480","1332","1628","1780","1602","1958","2030","1827","2233"
"21904","METRO37980M37980","Philadelphia-Camden-Wilmington, PA-NJ-DE-MD MSA","1220","1098","1342","1340","1206","1474","1600","1440","1760","1930","1737","2123","2190","1971","2409"
"21911","METRO37980M37980","Philadelphia-Camden-Wilmington, PA-NJ-DE-MD MSA","1230","1107","1353","1350","1215","1485","1610","1449","1771","1940","1746","2134","2210","1989","2431"
"21912","METRO37980M37980","Philadelphia-Camden-Wilmington, PA-NJ-DE-MD MSA","1240","1116","1364","1370","1233","1507","1630","1467","1793","1970","1773","2167","2240","2016","2464"
"21913","METRO37980M37980","Philadelphia-Camden-Wilmington, PA-NJ-DE-MD MSA","840","756","924","920","828","1012","1100","990","1210","1330","1197","1463","1510","1359","1661"
"21914","METRO37980M37980","Philadelphia-Camden-Wilmington, PA-NJ-DE-MD MSA","1420","1278","1562","1570","1413","1727","1870","1683","2057","2250","2025","2475","2560","2304","2816"
"21915","METRO37980M37980","Philadelphia-Camden-Wilmington, PA-NJ-DE-MD MSA","1100","990","1210","1220","1098","1342","1450","1305","1595","1750","1575","1925","1990","1791","2189"
"21916","METRO37980M37980","Philadelphia-Camden-Wilmington, PA-NJ-DE-MD MSA","1340","1206","1474","1480","1332","1628","1760","1584","1936","2120","1908","2332","2410","2169","2651"
"21917","METRO37980M37980","Philadelphia-Camden-Wilmington, PA-NJ-DE-MD MSA","1150","1035","1265","1260","1134","1386","1500","1350","1650","1810","1629","1991","2070","1863","2277"
"21918","METRO37980M37980","Philadelphia-Camden-Wilmington, PA-NJ-DE-MD MSA","1040","936","1144","1140","1026","1254","1360","1224","1496","1640","1476","1804","1860","1674","2046"
"21919","METRO37980M37980","Philadelphia-Camden-Wilmington, PA-NJ-DE-MD MSA","1340","1206","1474","1480","1332","1628","1760","1584","1936","2120","1908","2332","2410","2169","2651"
"21920","METRO37980M37980","Philadelphia-Camden-Wilmington, PA-NJ-DE-MD MSA","1390","1251","1529","1540","1386","1694","1830","1647","2013","2200","1980","2420","2510","2259","2761"
"21921","METRO37980M37980","Philadelphia-Camden-Wilmington, PA-NJ-DE-MD MSA","1390","1251","1529","1540","1386","1694","1830","1647","2013","2200","1980","2420","2510","2259","2761"
"21922","METRO37980M37980","Philadelphia-Camden-Wilmington, PA-NJ-DE-MD MSA","1340","1206","1474","1480","1332","1628","1760","1584","1936","2120","1908","2332","2410","2169","2651"
"21930","METRO37980M37980","Philadelphia-Camden-Wilmington, PA-NJ-DE-MD MSA","1340","1206","1474","1480","1332","1628","1760","1584","1936","2120","1908","2332","2410","2169","2651"
