Year,zip_code,safmr_0br,safmr_1br,safmr_2br,safmr_3br,safmr_4br
2011,19102,680,780,930,1110,1320
2011,19103,940,1070,1280,1530,1820
2011,19104,680,780,930,1110,1320
2011,19106,1130,1300,1550,1860,2210
2011,19107,800,910,1090,1300,1550
2011,19111,680,780,930,1110,1320
2011,19112,680,780,930,1110,1320
2011,19114,710,810,970,1160,1380
2011,19115,720,820,980,1170,1400
2011,19116,680,780,930,1110,1320
2011,19118,900,1030,1230,1470,1750
2011,19119,680,780,930,1110,1320
2011,19120,680,780,930,1110,1320
2011,19121,680,780,930,1110,1320
2011,19122,680,780,930,1110,1320
2011,19123,680,780,930,1110,1320
2011,19124,680,780,930,1110,1320
2011,19125,680,780,930,1110,1320
2011,19126,680,780,930,1110,1320
2011,19127,770,880,1050,1260,1500
2011,19128,780,900,1070,1280,1520
2011,19129,680,780,930,1110,1320
2011,19130,890,1020,1220,1460,1740
2011,19131,710,810,970,1160,1380
2011,19132,680,780,930,1110,1320
2011,19133,680,780,930,1110,1320
2011,19134,680,780,930,1110,1320
2011,19135,680,780,930,1110,1320
2011,19136,680,780,930,1110,1320
2011,19137,700,800,960,1150,1370
2011,19138,700,800,950,1140,1350
2011,19139,680,780,930,1110,1320
2011,19140,680,780,930,1110,1320
2011,19141,680,780,930,1110,1320
2011,19142,680,780,930,1110,1320
2011,19143,680,780,930,1110,1320
2011,19144,680,780,930,1110,1320
2011,19145,680,780,930,1110,1320
2011,19146,730,840,1000,1200,1420
2011,19147,780,890,1060,1270,1510
2011,19148,680,780,930,1110,1320
2011,19149,720,830,990,1190,1410
2011,19150,680,780,930,1110,1320
2011,19151,680,780,930,1110,1320
2011,19152,680,780,930,1110,1320
2011,19153,850,970,1160,1390,1650
2011,19154,760,870,1040,1240,1480
2012,19153,820,940,1120,1370,1650
2012,19118,870,990,1190,1460,1760
2012,19128,760,870,1040,1270,1530
2012,19131,690,790,940,1150,1390
2012,19150,700,790,950,1160,1400
2012,19102,1100,1250,1500,1830,2210
2012,19103,920,1050,1250,1530,1840
2012,19104,620,710,850,1040,1250
2012,19105,670,760,910,1110,1340
2012,19106,1100,1250,1500,1830,2210
2012,19107,780,890,1060,1300,1560
2012,19109,670,760,910,1110,1340
2012,19111,640,730,870,1060,1280
2012,19112,670,760,910,1110,1340
2012,19114,690,790,940,1150,1390
2012,19115,700,790,950,1160,1400
2012,19116,650,740,890,1090,1310
2012,19118,870,990,1190,1460,1760
2012,19119,640,730,870,1060,1280
2012,19120,650,740,890,1090,1310
2012,19121,520,590,710,870,1050
2012,19122,530,600,720,880,1060
2012,19123,600,690,820,1000,1210
2012,19124,620,710,850,1040,1250
2012,19125,650,740,890,1090,1310
2012,19126,590,670,800,980,1180
2012,19127,750,850,1020,1250,1500
2012,19128,760,870,1040,1270,1530
2012,19129,820,940,1120,1370,1650
2012,19130,870,990,1190,1460,1760
2012,19131,690,790,940,1150,1390
2012,19132,590,670,800,980,1180
2012,19133,500,570,680,830,1000
2012,19134,620,710,850,1040,1250
2012,19135,660,750,900,1100,1330
2012,19136,590,670,800,980,1180
2012,19137,680,780,930,1140,1370
2012,19138,670,770,920,1130,1360
2012,19139,560,640,770,940,1140
2012,19140,550,630,750,920,1110
2012,19141,600,690,820,1000,1210
2012,19142,660,750,900,1100,1330
2012,19143,640,730,870,1060,1280
2012,19144,620,700,840,1030,1240
2012,19145,620,700,840,1030,1240
2012,19146,710,810,970,1190,1430
2012,19147,750,860,1030,1260,1520
2012,19148,610,690,830,1020,1220
2012,19149,700,800,960,1170,1420
2012,19150,700,790,950,1160,1400
2012,19151,660,750,900,1100,1330
2012,19152,650,740,890,1090,1310
2012,19153,820,940,1120,1370,1650
2012,19154,740,840,1010,1240,1490
2013,19102,1110,1300,1570,1960,2100
2013,19103,930,1100,1320,1640,1770
2013,19104,630,740,890,1110,1190
2013,19105,670,790,950,1180,1270
2013,19106,1110,1300,1570,1960,2100
2013,19107,780,920,1110,1380,1480
2013,19110,670,790,950,1180,1270
2013,19111,650,760,920,1150,1230
2013,19112,670,790,950,1180,1270
2013,19114,710,840,1010,1260,1350
2013,19115,690,810,980,1220,1310
2013,19116,660,780,940,1170,1260
2013,19118,860,1010,1220,1520,1630
2013,19119,630,750,900,1120,1200
2013,19120,660,780,940,1170,1260
2013,19121,550,650,780,970,1040
2013,19122,550,650,780,970,1040
2013,19123,630,740,890,1110,1190
2013,19124,630,740,890,1110,1190
2013,19125,680,810,970,1210,1300
2013,19126,570,670,810,1010,1080
2013,19127,780,920,1110,1380,1480
2013,19128,770,910,1100,1370,1470
2013,19129,750,890,1070,1330,1430
2013,19130,880,1040,1250,1560,1670
2013,19131,700,820,990,1230,1320
2013,19132,600,710,850,1060,1140
2013,19133,490,570,690,860,920
2013,19134,630,750,900,1120,1200
2013,19135,680,810,970,1210,1300
2013,19136,610,710,860,1070,1150
2013,19137,690,810,980,1220,1310
2013,19138,650,770,930,1160,1240
2013,19139,570,670,810,1010,1080
2013,19140,540,640,770,960,1030
2013,19141,600,710,850,1060,1140
2013,19142,670,790,950,1180,1270
2013,19143,650,760,920,1150,1230
2013,19144,630,740,890,1110,1190
2013,19145,610,720,870,1080,1160
2013,19146,700,830,1000,1250,1340
2013,19147,750,890,1070,1330,1430
2013,19148,620,730,880,1100,1180
2013,19149,720,850,1020,1270,1360
2013,19150,710,840,1010,1260,1350
2013,19151,670,790,950,1180,1270
2013,19152,650,770,930,1160,1240
2013,19153,840,990,1190,1480,1590
2013,19154,750,890,1070,1330,1430
2013,19160,670,790,950,1180,1270
2014,19101,680,800,960,1200,1280
2014,19102,1110,1310,1580,1970,2110
2014,19103,940,1100,1330,1660,1780
2014,19104,630,750,900,1120,1200
2014,19105,680,800,960,1200,1280
2014,19106,1110,1310,1580,1970,2110
2014,19107,790,930,1120,1390,1500
2014,19110,680,800,960,1200,1280
2014,19111,650,770,930,1160,1240
2014,19112,680,800,960,1200,1280
2014,19114,710,840,1010,1260,1350
2014,19115,700,820,990,1230,1320
2014,19116,670,790,950,1180,1270
2014,19118,870,1020,1230,1530,1640
2014,19119,630,750,900,1120,1200
2014,19120,670,790,950,1180,1270
2014,19121,550,650,780,970,1040
2014,19122,560,660,790,980,1060
2014,19123,630,750,900,1120,1200
2014,19124,630,750,900,1120,1200
2014,19125,680,810,970,1210,1300
2014,19126,570,670,810,1010,1080
2014,19127,790,930,1120,1390,1500
2014,19128,780,920,1110,1380,1480
2014,19129,760,900,1080,1350,1440
2014,19130,890,1050,1260,1570,1680
2014,19131,700,830,1000,1250,1340
2014,19132,610,710,860,1070,1150
2014,19133,490,580,700,870,940
2014,19134,640,760,910,1130,1220
2014,19135,680,810,970,1210,1300
2014,19136,610,720,870,1080,1160
2014,19137,700,820,990,1230,1320
2014,19138,660,780,940,1170,1260
2014,19139,570,670,810,1010,1080
2014,19140,550,650,780,970,1040
2014,19141,600,710,850,1060,1140
2014,19142,680,800,960,1200,1280
2014,19143,650,760,920,1150,1230
2014,19144,630,750,900,1120,1200
2014,19145,620,730,880,1100,1180
2014,19146,710,840,1010,1260,1350
2014,19147,760,900,1080,1350,1440
2014,19148,630,740,890,1110,1190
2014,19149,720,850,1020,1270,1360
2014,19150,720,850,1020,1270,1360
2014,19151,680,800,960,1200,1280
2014,19152,660,780,940,1170,1260
2014,19153,850,1000,1200,1490,1600
2014,19154,760,900,1080,1350,1440
2014,19160,680,800,960,1200,1280
2015,19101,680,810,970,1210,1300
2015,19102,1130,1330,1600,1990,2140
2015,19103,950,1120,1350,1680,1810
2015,19104,640,760,910,1130,1220
2015,19106,1130,1330,1600,1990,2140
2015,19107,800,940,1130,1410,1510
2015,19110,680,810,970,1210,1300
2015,19111,660,780,940,1170,1260
2015,19112,680,810,970,1210,1300
2015,19114,720,850,1020,1270,1360
2015,19115,700,830,1000,1250,1340
2015,19116,680,800,960,1200,1280
2015,19118,870,1030,1240,1540,1660
2015,19119,640,760,910,1130,1220
2015,19120,680,800,960,1200,1280
2015,19121,560,660,790,980,1060
2015,19122,560,660,800,1000,1070
2015,19123,640,760,910,1130,1220
2015,19124,640,760,910,1130,1220
2015,19125,690,810,980,1220,1310
2015,19126,580,680,820,1020,1100
2015,19127,800,940,1130,1410,1510
2015,19128,790,930,1120,1390,1500
2015,19129,770,900,1090,1360,1460
2015,19130,890,1050,1270,1580,1700
2015,19131,710,840,1010,1260,1350
2015,19132,610,720,870,1080,1160
2015,19133,490,580,700,870,940
2015,19134,650,760,920,1150,1230
2015,19135,690,810,980,1220,1310
2015,19136,620,730,880,1100,1180
2015,19137,700,830,1000,1250,1340
2015,19138,670,790,950,1180,1270
2015,19139,580,680,820,1020,1100
2015,19140,560,660,790,980,1060
2015,19141,610,710,860,1070,1150
2015,19142,680,810,970,1210,1300
2015,19143,650,770,930,1160,1240
2015,19144,640,760,910,1130,1220
2015,19145,630,740,890,1110,1190
2015,19146,720,850,1020,1270,1360
2015,19147,770,900,1090,1360,1460
2015,19148,630,750,900,1120,1200
2015,19149,730,860,1040,1300,1390
2015,19150,730,850,1030,1280,1380
2015,19151,680,810,970,1210,1300
2015,19152,670,790,950,1180,1270
2015,19153,860,1010,1220,1520,1630
2015,19154,770,900,1090,1360,1460
2015,19160,680,810,970,1210,1300
2016,19101,710,840,1020,1270,1420
2016,19102,1170,1390,1680,2080,2330
2016,19103,1050,1250,1510,1870,2100
2016,19104,660,790,950,1180,1320
2016,19105,710,840,1020,1270,1420
2016,19106,1170,1390,1680,2080,2330
2016,19107,840,1000,1210,1500,1680
2016,19109,710,840,1020,1270,1420
2016,19110,710,840,1020,1270,1420
2016,19111,690,820,990,1230,1380
2016,19112,710,840,1020,1270,1420
2016,19114,740,890,1070,1330,1490
2016,19115,720,850,1030,1280,1430
2016,19116,680,810,980,1220,1360
2016,19118,900,1070,1290,1600,1790
2016,19118,900,1070,1290,1600,1790
2016,19119,670,800,970,1200,1350
2016,19120,690,820,990,1230,1380
2016,19121,580,690,830,1030,1150
2016,19122,590,700,850,1050,1180
2016,19123,820,980,1180,1460,1640
2016,19124,650,780,940,1170,1310
2016,19125,680,810,980,1220,1360
2016,19126,630,750,910,1130,1260
2016,19127,950,1130,1370,1700,1900
2016,19128,840,1000,1210,1500,1680
2016,19129,870,1030,1250,1550,1740
2016,19130,910,1080,1310,1630,1820
2016,19131,720,850,1030,1280,1430
2016,19132,600,720,870,1080,1210
2016,19133,510,610,740,920,1030
2016,19134,660,790,950,1180,1320
2016,19135,720,850,1030,1280,1430
2016,19136,650,770,930,1150,1290
2016,19137,700,840,1010,1250,1400
2016,19138,700,840,1010,1250,1400
2016,19139,600,720,870,1080,1210
2016,19140,580,700,840,1040,1170
2016,19141,630,750,900,1120,1250
2016,19142,690,820,990,1230,1380
2016,19143,670,790,960,1190,1330
2016,19144,630,750,910,1130,1260
2016,19145,670,790,960,1190,1330
2016,19146,730,870,1050,1300,1460
2016,19147,790,940,1140,1410,1580
2016,19148,670,790,960,1190,1330
2016,19149,790,940,1130,1400,1570
2016,19150,730,870,1050,1300,1460
2016,19151,720,850,1030,1280,1430
2016,19152,670,800,970,1200,1350
2016,19153,830,990,1190,1480,1650
2016,19154,820,980,1180,1460,1640
2016,19160,710,840,1020,1270,1420
2017,19101,710,840,1020,1280,1420
2017,19102,1170,1390,1680,2100,2340
2017,19103,1090,1290,1560,1950,2170
2017,19104,680,810,980,1230,1360
2017,19105,710,840,1020,1280,1420
2017,19106,1170,1390,1680,2100,2340
2017,19107,860,1020,1230,1540,1710
2017,19109,710,840,1020,1280,1420
2017,19110,710,840,1020,1280,1420
2017,19111,690,820,990,1240,1380
2017,19112,710,840,1020,1280,1420
2017,19114,750,890,1070,1340,1490
2017,19115,720,850,1030,1290,1430
2017,19116,680,800,970,1210,1350
2017,19118,920,1090,1320,1650,1840
2017,19119,690,820,990,1240,1380
2017,19120,700,830,1000,1250,1390
2017,19121,590,700,850,1060,1180
2017,19122,600,710,860,1080,1200
2017,19123,930,1110,1340,1680,1870
2017,19124,660,790,950,1190,1320
2017,19125,680,810,980,1230,1360
2017,19126,650,770,930,1160,1290
2017,19127,1020,1210,1460,1830,2030
2017,19128,870,1030,1240,1550,1730
2017,19129,890,1060,1280,1600,1780
2017,19130,930,1110,1340,1680,1870
2017,19131,730,860,1040,1300,1450
2017,19132,600,710,860,1080,1200
2017,19133,530,630,760,950,1060
2017,19134,660,790,950,1190,1320
2017,19135,700,830,1000,1250,1390
2017,19136,660,780,940,1180,1310
2017,19137,710,840,1020,1280,1420
2017,19138,700,840,1010,1260,1410
2017,19139,620,740,890,1110,1240
2017,19140,590,700,850,1060,1180
2017,19141,620,740,890,1110,1240
2017,19142,690,820,990,1240,1380
2017,19143,660,790,950,1190,1320
2017,19144,630,750,910,1140,1270
2017,19145,690,820,990,1240,1380
2017,19146,740,880,1060,1330,1480
2017,19147,820,980,1180,1480,1640
2017,19148,680,810,980,1230,1360
2017,19149,790,940,1130,1410,1570
2017,19150,750,890,1070,1340,1490
2017,19151,730,860,1040,1300,1450
2017,19152,700,830,1000,1250,1390
2017,19153,810,960,1160,1450,1610
2017,19154,830,990,1190,1490,1660
2017,19160,710,840,1020,1280,1420
2018,19101,760,900,1090,1360,1520
2018,19102,1220,1450,1750,2200,2470
2018,19103,1220,1450,1750,2200,2470
2018,19104,790,940,1130,1420,1600
2018,19105,760,900,1090,1360,1520
2018,19106,1220,1450,1750,2200,2470
2018,19107,1100,1310,1580,1980,2230
2018,19109,760,900,1090,1360,1520
2018,19110,760,900,1090,1360,1520
2018,19111,760,900,1090,1360,1520
2018,19112,760,900,1090,1360,1520
2018,19114,820,970,1170,1470,1650
2018,19115,800,950,1140,1430,1620
2018,19116,760,900,1090,1360,1520
2018,19118,990,1170,1420,1780,2000
2018,19119,760,900,1090,1360,1520
2018,19120,760,900,1090,1360,1520
2018,19121,760,900,1090,1360,1520
2018,19122,760,900,1090,1360,1520
2018,19123,970,1150,1390,1740,1960
2018,19124,760,900,1090,1360,1520
2018,19125,760,900,1090,1360,1520
2018,19126,760,900,1090,1360,1520
2018,19127,1090,1300,1570,1960,2210
2018,19128,930,1100,1330,1670,1880
2018,19129,950,1130,1370,1710,1930
2018,19130,1170,1390,1680,2100,2370
2018,19131,800,950,1140,1430,1610
2018,19132,760,900,1090,1360,1520
2018,19133,760,900,1090,1360,1520
2018,19134,760,900,1090,1360,1520
2018,19135,760,900,1090,1360,1520
2018,19136,760,900,1090,1360,1520
2018,19137,760,900,1090,1360,1520
2018,19138,760,900,1090,1360,1520
2018,19139,760,900,1090,1360,1520
2018,19140,760,900,1090,1360,1520
2018,19141,760,900,1090,1360,1520
2018,19142,760,900,1090,1360,1520
2018,19143,760,900,1090,1360,1520
2018,19144,760,900,1090,1360,1520
2018,19145,760,900,1090,1360,1520
2018,19146,790,940,1140,1430,1600
2018,19147,990,1170,1420,1780,2000
2018,19148,760,900,1090,1360,1520
2018,19149,790,930,1130,1420,1590
2018,19150,780,920,1110,1400,1570
2018,19151,760,900,1090,1370,1540
2018,19152,760,900,1090,1360,1520
2018,19153,830,990,1190,1500,1680
2018,19154,870,1030,1250,1560,1760
2018,19160,760,900,1090,1360,1520
2019,19101,770,910,1100,1380,1570
2019,19102,1260,1490,1800,2260,2570
2019,19103,1260,1490,1800,2260,2570
2019,19104,800,940,1140,1430,1630
2019,19105,770,910,1100,1380,1570
2019,19106,1260,1490,1800,2260,2570
2019,19107,1140,1350,1630,2040,2330
2019,19109,770,910,1100,1380,1570
2019,19110,770,910,1100,1380,1570
2019,19111,730,870,1050,1320,1500
2019,19112,770,910,1100,1380,1570
2019,19114,830,980,1190,1490,1700
2019,19115,800,940,1140,1430,1630
2019,19116,760,900,1090,1370,1560
2019,19118,1060,1250,1510,1890,2160
2019,19119,780,930,1120,1400,1600
2019,19120,700,830,1000,1250,1430
2019,19121,690,810,990,1230,1370
2019,19122,690,810,990,1230,1370
2019,19123,1090,1290,1560,1950,2230
2019,19124,710,840,1010,1270,1440
2019,19125,760,900,1090,1370,1560
2019,19126,710,840,1010,1270,1440
2019,19127,1110,1310,1590,1990,2270
2019,19128,940,1110,1340,1680,1920
2019,19129,980,1160,1400,1750,2000
2019,19130,1220,1450,1750,2190,2500
2019,19131,800,950,1150,1440,1640
2019,19132,690,810,990,1230,1370
2019,19133,690,810,990,1230,1370
2019,19134,690,810,990,1230,1370
2019,19135,710,840,1010,1270,1440
2019,19136,700,830,1000,1250,1430
2019,19137,770,910,1100,1380,1570
2019,19138,760,890,1080,1350,1540
2019,19139,690,810,990,1230,1370
2019,19140,690,810,990,1230,1370
2019,19141,690,810,990,1230,1370
2019,19142,690,820,990,1240,1420
2019,19143,690,810,990,1230,1370
2019,19144,740,880,1060,1330,1520
2019,19145,710,840,1020,1280,1460
2019,19146,830,980,1190,1490,1700
2019,19147,1050,1240,1500,1880,2140
2019,19148,750,880,1070,1340,1530
2019,19149,790,930,1130,1420,1620
2019,19150,790,930,1130,1420,1620
2019,19151,780,930,1120,1400,1600
2019,19152,770,910,1100,1380,1570
2019,19153,860,1020,1230,1540,1760
2019,19154,870,1030,1250,1570,1790
2019,19160,770,910,1100,1380,1570
2020,19101,790,930,1120,1400,1600
2020,19102,1300,1520,1840,2290,2630
2020,19103,1300,1520,1840,2290,2630
2020,19104,790,930,1120,1400,1600
2020,19105,790,930,1120,1400,1600
2020,19106,1300,1520,1840,2290,2630
2020,19107,1170,1370,1660,2070,2380
2020,19109,790,930,1120,1400,1600
2020,19110,790,930,1120,1400,1600
2020,19111,750,880,1060,1320,1520
2020,19112,790,930,1120,1400,1600
2020,19114,850,990,1200,1500,1720
2020,19115,800,940,1140,1420,1630
2020,19116,780,910,1100,1370,1570
2020,19118,1120,1310,1590,1980,2280
2020,19119,780,910,1100,1370,1570
2020,19120,700,830,1000,1250,1430
2020,19121,660,770,930,1160,1330
2020,19122,700,820,990,1230,1420
2020,19123,1230,1440,1740,2170,2490
2020,19124,710,830,1010,1260,1450
2020,19125,810,950,1150,1430,1650
2020,19126,720,840,1020,1270,1460
2020,19127,1120,1310,1590,1980,2280
2020,19128,970,1130,1370,1710,1960
2020,19129,1050,1230,1490,1860,2130
2020,19130,1290,1510,1830,2280,2620
2020,19131,820,960,1160,1450,1660
2020,19132,630,730,900,1110,1240
2020,19133,630,730,900,1110,1240
2020,19134,660,780,940,1170,1350
2020,19135,720,840,1020,1270,1460
2020,19136,720,840,1020,1270,1460
2020,19137,800,930,1130,1410,1620
2020,19138,770,900,1090,1360,1560
2020,19139,680,800,970,1210,1390
2020,19140,630,740,900,1120,1290
2020,19141,670,780,950,1180,1360
2020,19142,710,830,1010,1260,1450
2020,19143,680,800,970,1210,1390
2020,19144,770,900,1090,1360,1560
2020,19145,730,850,1030,1280,1470
2020,19146,880,1030,1250,1560,1790
2020,19147,1100,1290,1560,1940,2230
2020,19148,780,910,1100,1370,1570
2020,19149,800,940,1140,1420,1630
2020,19150,800,940,1140,1420,1630
2020,19151,810,950,1150,1430,1650
2020,19152,790,930,1120,1400,1600
2020,19153,890,1040,1260,1570,1800
2020,19154,900,1050,1270,1580,1820
2020,19160,790,930,1120,1400,1600
2021,19101,830,960,1160,1440,1650
2021,19102,1350,1560,1890,2350,2690
2021,19103,1350,1560,1890,2350,2690
2021,19104,810,940,1140,1420,1620
2021,19105,830,960,1160,1440,1650
2021,19106,1350,1560,1890,2350,2690
2021,19107,1260,1450,1760,2190,2510
2021,19108,830,960,1160,1440,1650
2021,19109,830,960,1160,1440,1650
2021,19110,830,960,1160,1440,1650
2021,19111,790,910,1100,1370,1570
2021,19112,830,960,1160,1440,1650
2021,19114,880,1020,1230,1530,1750
2021,19115,820,950,1150,1430,1640
2021,19116,820,950,1150,1430,1640
2021,19118,1240,1440,1740,2160,2480
2021,19119,810,930,1130,1410,1610
2021,19120,740,850,1030,1280,1470
2021,19121,670,780,940,1170,1340
2021,19122,750,870,1050,1310,1500
2021,19123,1280,1480,1790,2230,2550
2021,19124,740,850,1030,1280,1470
2021,19125,890,1030,1250,1550,1780
2021,19126,740,850,1030,1280,1470
2021,19127,1180,1360,1650,2050,2350
2021,19128,1030,1190,1440,1790,2050
2021,19129,1100,1270,1540,1920,2190
2021,19130,1350,1560,1890,2350,2690
2021,19131,850,980,1190,1480,1700
2021,19132,640,730,890,1110,1270
2021,19133,640,730,890,1110,1270
2021,19134,700,810,980,1220,1400
2021,19135,740,860,1040,1290,1480
2021,19136,730,840,1020,1270,1450
2021,19137,830,960,1160,1440,1650
2021,19138,790,920,1110,1380,1580
2021,19139,730,840,1020,1270,1450
2021,19140,660,760,920,1140,1310
2021,19141,690,800,970,1210,1380
2021,19142,740,860,1040,1290,1480
2021,19143,720,830,1010,1260,1440
2021,19144,810,940,1140,1420,1620
2021,19145,830,960,1160,1440,1650
2021,19146,990,1150,1390,1730,1980
2021,19147,1160,1350,1630,2030,2320
2021,19148,810,940,1140,1420,1620
2021,19149,840,970,1180,1470,1680
2021,19150,830,960,1160,1440,1650
2021,19151,820,950,1150,1430,1640
2021,19152,810,930,1130,1410,1610
2021,19153,910,1060,1280,1590,1820
2021,19154,930,1070,1300,1620,1850
2021,19160,830,960,1160,1440,1650
2021,19176,830,960,1160,1440,1650
2021,19190,830,960,1160,1440,1650
2021,19192,830,960,1160,1440,1650
2022,19101,870,990,1200,1480,1700
2022,19102,1410,1610,1950,2410,2760
2022,19103,1410,1610,1950,2410,2760
2022,19104,840,960,1160,1430,1640
2022,19105,870,990,1200,1480,1700
2022,19106,1410,1610,1950,2410,2760
2022,19107,1340,1530,1850,2290,2620
2022,19108,870,990,1200,1480,1700
2022,19109,870,990,1200,1480,1700
2022,19110,870,990,1200,1480,1700
2022,19111,820,930,1130,1400,1600
2022,19112,870,990,1200,1480,1700
2022,19114,930,1060,1280,1580,1810
2022,19115,850,970,1180,1460,1670
2022,19116,870,990,1200,1480,1700
2022,19118,1280,1460,1770,2190,2510
2022,19119,830,940,1140,1410,1610
2022,19120,770,870,1060,1310,1500
2022,19121,690,780,950,1170,1340
2022,19122,800,920,1110,1370,1570
2022,19123,1350,1530,1860,2300,2630
2022,19124,750,860,1040,1290,1470
2022,19125,980,1120,1360,1680,1930
2022,19126,770,870,1060,1310,1500
2022,19127,1250,1420,1720,2130,2430
2022,19128,1090,1240,1500,1850,2120
2022,19129,1160,1320,1600,1980,2260
2022,19130,1410,1610,1950,2410,2760
2022,19131,900,1020,1240,1530,1760
2022,19132,670,760,920,1140,1300
2022,19133,670,760,920,1140,1300
2022,19134,730,830,1010,1250,1430
2022,19135,790,900,1090,1350,1540
2022,19136,750,850,1030,1270,1460
2022,19137,850,970,1170,1450,1660
2022,19138,810,920,1120,1380,1590
2022,19139,770,870,1060,1310,1500
2022,19140,680,780,940,1160,1330
2022,19141,720,820,1000,1240,1420
2022,19142,770,870,1060,1310,1500
2022,19143,770,870,1060,1310,1500
2022,19144,870,990,1200,1480,1700
2022,19145,880,1000,1210,1500,1710
2022,19146,1110,1260,1530,1890,2170
2022,19147,1230,1400,1700,2100,2410
2022,19148,850,970,1180,1460,1670
2022,19149,890,1010,1230,1520,1740
2022,19150,860,980,1190,1470,1680
2022,19151,840,960,1160,1430,1640
2022,19152,830,940,1140,1410,1610
2022,19153,950,1080,1310,1620,1850
2022,19154,980,1120,1360,1680,1930
2022,19160,870,990,1200,1480,1700
2022,19176,870,990,1200,1480,1700
2022,19190,870,990,1200,1480,1700
2022,19192,870,990,1200,1480,1700
2023,19101,1010,1140,1370,1670,1940
2023,19102,1630,1830,2210,2690,3130
2023,19103,1630,1830,2210,2690,3130
2023,19104,960,1090,1310,1590,1850
2023,19105,1010,1140,1370,1670,1940
2023,19106,1630,1830,2210,2690,3130
2023,19107,1590,1790,2160,2630,3060
2023,19108,1010,1140,1370,1670,1940
2023,19109,1010,1140,1370,1670,1940
2023,19110,1010,1140,1370,1670,1940
2023,19111,950,1070,1290,1570,1820
2023,19112,1010,1140,1370,1670,1940
2023,19114,1070,1200,1450,1760,2050
2023,19115,1000,1130,1360,1660,1920
2023,19116,1010,1140,1370,1670,1940
2023,19118,1470,1660,2000,2430,2830
2023,19119,960,1080,1300,1580,1840
2023,19120,900,1010,1220,1480,1730
2023,19121,790,890,1070,1300,1510
2023,19122,960,1080,1300,1580,1840
2023,19123,1540,1740,2100,2560,2970
2023,19124,860,970,1170,1420,1650
2023,19125,1210,1360,1640,2000,2320
2023,19126,880,990,1200,1460,1700
2023,19127,1430,1620,1950,2370,2760
2023,19128,1250,1410,1700,2070,2400
2023,19129,1300,1470,1770,2150,2500
2023,19130,1630,1830,2210,2690,3130
2023,19131,1030,1160,1400,1700,1980
2023,19132,840,940,1140,1390,1610
2023,19133,760,850,1030,1250,1460
2023,19134,820,930,1120,1360,1580
2023,19135,930,1040,1260,1530,1780
2023,19136,850,950,1150,1400,1630
2023,19137,970,1090,1320,1610,1870
2023,19138,930,1050,1270,1550,1800
2023,19139,890,1000,1210,1470,1710
2023,19140,780,880,1060,1290,1500
2023,19141,850,950,1150,1400,1630
2023,19142,890,1000,1210,1470,1710
2023,19143,890,1000,1210,1470,1710
2023,19144,1000,1130,1360,1660,1920
2023,19145,1030,1160,1400,1700,1980
2023,19146,1350,1520,1830,2230,2590
2023,19147,1440,1620,1960,2390,2770
2023,19148,980,1100,1330,1620,1880
2023,19149,1060,1190,1440,1750,2040
2023,19150,1000,1130,1360,1660,1920
2023,19151,900,1020,1230,1500,1740
2023,19152,930,1040,1260,1530,1780
2023,19153,1100,1230,1490,1810,2110
2023,19154,1130,1270,1530,1860,2160
2023,19160,1010,1140,1370,1670,1940
2023,19176,1010,1140,1370,1670,1940
2023,19190,1010,1140,1370,1670,1940
2023,19192,1010,1140,1370,1670,1940
2024,19101,1230,1370,1640,1980,2290
2024,19102,1960,2180,2610,3160,3640
2024,19103,1960,2180,2610,3160,3640
2024,19104,1140,1270,1520,1840,2120
2024,19105,1230,1370,1640,1980,2290
2024,19106,1960,2180,2610,3160,3640
2024,19107,1940,2160,2590,3130,3610
2024,19108,1230,1370,1640,1980,2290
2024,19109,1230,1370,1640,1980,2290
2024,19110,1230,1370,1640,1980,2290
2024,19111,1140,1270,1520,1840,2120
2024,19112,1230,1370,1640,1980,2290
2024,19114,1270,1410,1690,2040,2360
2024,19115,1190,1320,1580,1910,2200
2024,19116,1190,1330,1590,1920,2220
2024,19118,1680,1870,2240,2710,3120
2024,19119,1160,1290,1550,1870,2160
2024,19120,1070,1190,1420,1720,1980
2024,19121,1100,1230,1470,1780,2050
2024,19122,1160,1290,1550,1870,2160
2024,19123,1760,1960,2350,2840,3280
2024,19124,1020,1140,1360,1640,1900
2024,19125,1550,1730,2070,2500,2890
2024,19126,1070,1190,1430,1730,1990
2024,19127,1720,1910,2290,2770,3190
2024,19128,1460,1630,1950,2360,2720
2024,19129,1550,1730,2070,2500,2890
2024,19130,1880,2090,2500,3020,3490
2024,19131,1240,1380,1650,2000,2300
2024,19132,1010,1120,1340,1620,1870
2024,19133,920,1030,1230,1490,1720
2024,19134,970,1080,1290,1560,1800
2024,19135,1140,1270,1520,1840,2120
2024,19136,1020,1140,1360,1640,1900
2024,19137,1180,1310,1570,1900,2190
2024,19138,1120,1240,1490,1800,2080
2024,19139,1050,1170,1400,1690,1950
2024,19140,1020,1140,1360,1640,1900
2024,19141,1020,1140,1360,1640,1900
2024,19142,1070,1190,1420,1720,1980
2024,19143,1060,1180,1410,1700,1970
2024,19144,1180,1310,1570,1900,2190
2024,19145,1270,1410,1690,2040,2360
2024,19146,1610,1800,2150,2600,3000
2024,19147,1730,1920,2300,2780,3210
2024,19148,1310,1450,1740,2100,2430
2024,19149,1270,1410,1690,2040,2360
2024,19150,1210,1340,1610,1950,2250
2024,19151,1060,1180,1410,1700,1970
2024,19152,1130,1250,1500,1810,2090
2024,19153,1330,1480,1770,2140,2470
2024,19154,1350,1500,1800,2180,2510
2024,19160,1230,1370,1640,1980,2290
2024,19176,1230,1370,1640,1980,2290
2024,19190,1230,1370,1640,1980,2290
2024,19192,1230,1370,1640,1980,2290
2025,19101,"1,300","1,440","1,710","2,060","2,340"
2025,19102,"2,060","2,270","2,700","3,250","3,700"
2025,19103,"2,060","2,270","2,700","3,250","3,700"
2025,19104,"1,260","1,380","1,650","1,990","2,260"
2025,19105,"1,300","1,440","1,710","2,060","2,340"
2025,19106,"2,060","2,270","2,700","3,250","3,700"
2025,19107,"2,000","2,210","2,630","3,170","3,600"
2025,19108,"1,890","2,080","2,470","2,980","3,390"
2025,19109,"1,300","1,440","1,710","2,060","2,340"
2025,19110,"1,300","1,440","1,710","2,060","2,340"
2025,19111,"1,200","1,320","1,570","1,890","2,150"
2025,19112,"1,300","1,440","1,710","2,060","2,340"
2025,19114,"1,320","1,450","1,730","2,080","2,370"
2025,19115,"1,200","1,320","1,570","1,890","2,150"
2025,19116,"1,230","1,350","1,610","1,940","2,210"
2025,19118,"1,770","1,960","2,330","2,810","3,190"
2025,19119,"1,230","1,360","1,620","1,950","2,220"
2025,19120,"1,090","1,200","1,430","1,720","1,960"
2025,19121,"1,200","1,320","1,570","1,890","2,150"
2025,19122,"1,230","1,350","1,610","1,940","2,210"
2025,19123,"1,800","1,980","2,360","2,840","3,230"
2025,19124,"1,070","1,170","1,400","1,690","1,920"
2025,19125,"1,700","1,870","2,230","2,690","3,050"
2025,19126,"1,130","1,240","1,480","1,780","2,030"
2025,19127,"1,790","1,970","2,350","2,830","3,220"
2025,19128,"1,520","1,680","2,000","2,410","2,740"
2025,19129,"1,580","1,740","2,070","2,490","2,840"
2025,19130,"1,900","2,090","2,490","3,000","3,410"
2025,19131,"1,320","1,450","1,730","2,080","2,370"
2025,19132,"1,070","1,170","1,400","1,690","1,920"
2025,19133,990,"1,090","1,300","1,570","1,780"
2025,19134,990,"1,090","1,300","1,570","1,780"
2025,19135,"1,210","1,330","1,590","1,920","2,180"
2025,19136,"1,100","1,220","1,450","1,750","1,990"
2025,19137,"1,240","1,370","1,630","1,960","2,230"
2025,19138,"1,190","1,310","1,560","1,880","2,140"
2025,19139,"1,100","1,220","1,450","1,750","1,990"
2025,19140,"1,090","1,200","1,430","1,720","1,960"
2025,19141,"1,060","1,170","1,390","1,670","1,900"
2025,19142,"1,120","1,230","1,470","1,770","2,010"
2025,19143,"1,110","1,230","1,460","1,760","2,000"
2025,19144,"1,200","1,330","1,580","1,900","2,160"
2025,19145,"1,360","1,500","1,790","2,160","2,450"
2025,19146,"1,710","1,880","2,240","2,700","3,070"
2025,19147,"1,800","1,980","2,360","2,840","3,230"
2025,19148,"1,390","1,540","1,830","2,200","2,510"
2025,19149,"1,330","1,470","1,750","2,110","2,400"
2025,19150,"1,260","1,390","1,660","2,000","2,270"
2025,19151,"1,080","1,190","1,420","1,710","1,950"
2025,19152,"1,200","1,330","1,580","1,900","2,160"
2025,19153,"1,390","1,530","1,820","2,190","2,490"
2025,19154,"1,390","1,540","1,830","2,200","2,510"
2025,19160,"1,300","1,440","1,710","2,060","2,340"
2025,19176,"1,300","1,440","1,710","2,060","2,340"
2025,19190,"1,300","1,440","1,710","2,060","2,340"
2025,19192,"1,300","1,440","1,710","2,060","2,340"
2026,19101,1330,1440,1720,2060,2300
2026,19102,2100,2280,2720,3260,3640
2026,19103,2100,2280,2720,3260,3640
2026,19104,1390,1510,1800,2160,2410
2026,19105,1330,1440,1720,2060,2300
2026,19106,2100,2280,2720,3260,3640
2026,19107,2060,2240,2670,3200,3570
2026,19108,1900,2070,2470,2960,3300
2026,19109,1330,1440,1720,2060,2300
2026,19110,1330,1440,1720,2060,2300
2026,19111,1240,1350,1610,1930,2160
2026,19112,1330,1440,1720,2060,2300
2026,19114,1340,1460,1740,2090,2330
2026,19115,1200,1310,1560,1870,2090
2026,19116,1200,1310,1560,1870,2090
2026,19118,1770,1920,2290,2750,3070
2026,19119,1260,1370,1630,1950,2180
2026,19120,1130,1230,1470,1760,1970
2026,19121,1210,1320,1570,1880,2100
2026,19122,1280,1390,1660,1990,2220
2026,19123,1780,1940,2310,2770,3090
2026,19124,1080,1180,1400,1680,1870
2026,19125,1780,1930,2300,2760,3080
2026,19126,1130,1230,1470,1760,1970
2026,19127,1780,1930,2300,2760,3080
2026,19128,1590,1730,2060,2470,2760
2026,19129,1550,1690,2010,2410,2690
2026,19130,1940,2110,2510,3010,3360
2026,19131,1390,1510,1800,2160,2410
2026,19132,1100,1190,1420,1700,1900
2026,19133,990,1080,1280,1530,1710
2026,19134,1180,1290,1530,1830,2050
2026,19135,1240,1350,1610,1930,2160
2026,19136,1170,1270,1510,1810,2020
2026,19137,1230,1340,1590,1910,2130
2026,19138,1200,1310,1560,1870,2090
2026,19139,1160,1260,1500,1800,2010
2026,19140,1130,1230,1460,1750,1950
2026,19141,1060,1150,1370,1640,1830
2026,19142,1170,1280,1520,1820,2030
2026,19143,1170,1280,1520,1820,2030
2026,19144,1250,1360,1620,1940,2170
2026,19145,1390,1510,1800,2160,2410
2026,19146,1800,1960,2330,2790,3120
2026,19147,1840,2000,2380,2850,3190
2026,19148,1450,1580,1880,2250,2520
2026,19149,1400,1520,1810,2170,2420
2026,19150,1270,1390,1650,1980,2210
2026,19151,1130,1230,1460,1750,1950
2026,19152,1250,1360,1620,1940,2170
2026,19153,1380,1500,1790,2150,2400
2026,19154,1400,1530,1820,2180,2440
2026,19160,1330,1440,1720,2060,2300
2026,19176,1330,1440,1720,2060,2300
2026,19190,1330,1440,1720,2060,2300
2026,19192,1330,1440,1720,2060,2300
